Workbook

Sheet XDR-USD
A1: Least Squares autoregression
A3: n | B3: 0 | C3: 1 | D3: 2 | E3: 3 | F3: 4 | G3: 5 | H3: 6 | I3: 7 | J3: 8 | K3: 9 | L3: 10 | M3: 11 | N3: 12 | O3: 13 | P3: 14 | Q3: 15 | R3: 16 | S3: 17 | T3: 18 | U3: 19 | V3: 20 | W3: 21 | X3: 22 | Y3: 23 | Z3: 24 | AA3: 25 | AB3: 26 | AC3: 27 | AD3: 28 | AE3: 29 | AF3: 30 | AG3: 31 | AH3: 32 | AI3: 33 | AJ3: 34 | AK3: 35 | AL3: 36 | AM3: 37 | AN3: 38 | AO3: 39 | AP3: 40 | AQ3: 41 | AR3: 42 | AS3: 43 | AT3: 44 | AU3: 45 | AV3: 46 | AW3: 47 | AX3: 48 | AY3: 49 | AZ3: 50 | BA3: 51 | BB3: 52 | BC3: 53 | BD3: 54 | BE3: 55 | BF3: 56 | BG3: 57 | BH3: 58 | BI3: 59 | BJ3: 60 | BK3: 61 | BL3: 62 | BM3: 63 | BN3: 64 | BO3: 65 | BP3: 66 | BQ3: 67 | BR3: 68 | BS3: 69 | BT3: 70 | BU3: 71 | BV3: 72 | BW3: 73 | BX3: 74 | BY3: 75 | BZ3: 76 | CA3: 77 | CB3: 78 | CC3: 79 | CD3: 80 | CE3: 81 | CF3: 82 | CG3: 83 | CH3: 84 | CI3: 85 | CJ3: 86 | CK3: 87 | CL3: 88 | CM3: 89 | CN3: 90 | CO3: 91 | CP3: 92 | CQ3: 93 | CR3: 94 | CS3: 95 | CT3: 96 | CU3: 97 | CV3: 98 | CW3: 99 | CX3: 100 | CY3: 101 | CZ3: 102 | DA3: 103 | DB3: 104 | DC3: 105 | DD3: 106 | DE3: 107 | DF3: 108 | DG3: 109 | DH3: 110 | DI3: 111 | DJ3: 112 | DK3: 113 | DL3: 114 | DM3: 115 | DN3: 116 | DO3: 117 | DP3: 118 | DQ3: 119 | DR3: 120 | DS3: 121 | DT3: 122 | DU3: 123 | DV3: 124 | DW3: 125 | DX3: 126 | DY3: 127 | DZ3: 128 | EA3: 129 | EB3: 130 | EC3: 131 | ED3: 132 | EE3: 133 | EF3: 134 | EG3: 135 | EH3: 136 | EI3: 137 | EJ3: 138 | EK3: 139 | EL3: 140 | EM3: 141 | EN3: 142 | EO3: 143 | EP3: 144 | EQ3: 145 | ER3: 146 | ES3: 147 | ET3: 148 | EU3: 149 | EV3: 150 | EW3: 151 | EX3: 152 | EY3: 153 | EZ3: 154 | FA3: 155 | FB3: 156 | FC3: 157 | FD3: 158 | FE3: 159 | FF3: 160 | FG3: 161 | FH3: 162 | FI3: 163 | FJ3: 164 | FK3: 165 | FL3: 166 | FM3: 167 | FN3: 168 | FO3: 169 | FP3: 170 | FQ3: 171 | FR3: 172 | FS3: 173 | FT3: 174 | FU3: 175 | FV3: 176 | FW3: 177 | FX3: 178 | FY3: 179 | FZ3: 180 | GA3: 181 | GB3: 182 | GC3: 183 | GD3: 184 | GE3: 185 | GF3: 186 | GG3: 187 | GH3: 188 | GI3: 189 | GJ3: 190 | GK3: 191 | GL3: 192 | GM3: 193 | GN3: 194 | GO3: 195 | GP3: 196 | GQ3: 197 | GR3: 198 | GS3: 199 | GT3: 200 | GU3: 201 | GV3: 202 | GW3: 203 | GX3: 204 | GY3: 205 | GZ3: 206 | HA3: 207 | HB3: 208 | HC3: 209 | HD3: 210 | HE3: 211 | HF3: 212 | HG3: 213 | HH3: 214 | HI3: 215 | HJ3: 216 | HK3: 217 | HL3: 218 | HM3: 219 | HN3: 220 | HO3: 221 | HP3: 222 | HQ3: 223 | HR3: 224 | HS3: 225 | HT3: 226 | HU3: 227 | HV3: 228 | HW3: 229 | HX3: 230 | HY3: 231 | HZ3: 232 | IA3: 233 | IB3: 234 | IC3: 235 | ID3: 236 | IE3: 237 | IF3: 238 | IG3: 239 | IH3: 240 | II3: 241 | IJ3: 242 | IK3: 243 | IL3: 244 | IM3: 245 | IN3: 246 | IO3: 247 | IP3: 248
A4: x | B4: 0.748168 | C4: 0.746229 | D4: 0.743531 | E4: 0.740922 | F4: 0.744055 | G4: 0.74295 | H4: 0.744509 | I4: 0.73924 | J4: 0.740056 | K4: 0.737067 | L4: 0.737615 | M4: 0.738881 | N4: 0.736349 | O4: 0.73566 | P4: 0.735201 | Q4: 0.736019 | R4: 0.737741 | S4: 0.738338 | T4: 0.735928 | U4: 0.733682 | V4: 0.732694 | W4: 0.735814 | X4: 0.735191 | Y4: 0.737321 | Z4: 0.737407 | AA4: 0.736437 | AB4: 0.738543 | AC4: 0.738339 | AD4: 0.738476 | AE4: 0.740788 | AF4: 0.738321 | AG4: 0.738073 | AH4: 0.740826 | AI4: 0.741312 | AJ4: 0.740009 | AK4: 0.738019 | AL4: 0.739242 | AM4: 0.738611 | AN4: 0.741586 | AO4: 0.742416 | AP4: 0.742697 | AQ4: 0.741199 | AR4: 0.741765 | AS4: 0.742524 | AT4: 0.742643 | AU4: 0.742118 | AV4: 0.739908 | AW4: 0.741417 | AX4: 0.740962 | AY4: 0.737426 | AZ4: 0.737019 | BA4: 0.736545 | BB4: 0.734522 | BC4: 0.734349 | BD4: 0.734089 | BE4: 0.733615 | BF4: 0.731474 | BG4: 0.732123 | BH4: 0.734287 | BI4: 0.73534 | BJ4: 0.737002 | BK4: 0.737026 | BL4: 0.737096 | BM4: 0.736625 | BN4: 0.736951 | BO4: 0.737741 | BP4: 0.739368 | BQ4: 0.738213 | BR4: 0.737479 | BS4: 0.736055 | BT4: 0.736167 | BU4: 0.735711 | BV4: 0.734766 | BW4: 0.732683 | BX4: 0.732379 | BY4: 0.733628 | BZ4: 0.730816 | CA4: 0.730498 | CB4: 0.730764 | CC4: 0.730413 | CD4: 0.729382 | CE4: 0.730224 | CF4: 0.730248 | CG4: 0.730316 | CH4: 0.730504 | CI4: 0.729562 | CJ4: 0.729715 | CK4: 0.731662 | CL4: 0.732056 | CM4: 0.732358 | CN4: 0.732325 | CO4: 0.729733 | CP4: 0.728194 | CQ4: 0.726032 | CR4: 0.72421 | CS4: 0.724322 | CT4: 0.722952 | CU4: 0.722859 | CV4: 0.724108 | CW4: 0.723333 | CX4: 0.72279 | CY4: 0.724326 | CZ4: 0.722376 | DA4: 0.722137 | DB4: 0.722906 | DC4: 0.721647 | DD4: 0.720682 | DE4: 0.721697 | DF4: 0.721325 | DG4: 0.723519 | DH4: 0.722916 | DI4: 0.722954 | DJ4: 0.723104 | DK4: 0.723486 | DL4: 0.724175 | DM4: 0.723335 | DN4: 0.725467 | DO4: 0.725308 | DP4: 0.725165 | DQ4: 0.724885 | DR4: 0.724998 | DS4: 0.7229 | DT4: 0.720685 | DU4: 0.719101 | DV4: 0.718707 | DW4: 0.720059 | DX4: 0.721747 | DY4: 0.720427 | DZ4: 0.720031 | EA4: 0.720812 | EB4: 0.720627 | EC4: 0.71913 | ED4: 0.719778 | EE4: 0.71918 | EF4: 0.717275 | EG4: 0.715114 | EH4: 0.715701 | EI4: 0.716878 | EJ4: 0.713352 | EK4: 0.712579 | EL4: 0.712941 | EM4: 0.713242 | EN4: 0.711216 | EO4: 0.71147 | EP4: 0.710354 | EQ4: 0.708254 | ER4: 0.70792 | ES4: 0.708005 | ET4: 0.707254 | EU4: 0.709495 | EV4: 0.70877 | EW4: 0.710034 | EX4: 0.71 | EY4: 0.709136 | EZ4: 0.708845 | FA4: 0.71055 | FB4: 0.711843 | FC4: 0.711461 | FD4: 0.709706 | FE4: 0.709489 | FF4: 0.709876 | FG4: 0.709413 | FH4: 0.709047 | FI4: 0.708581 | FJ4: 0.705414 | FK4: 0.702778 | FL4: 0.7051 | FM4: 0.707519 | FN4: 0.705531 | FO4: 0.705231 | FP4: 0.703781 | FQ4: 0.702101 | FR4: 0.69897 | FS4: 0.701262 | FT4: 0.703162 | FU4: 0.702272 | FV4: 0.704516 | FW4: 0.702343 | FX4: 0.702671 | FY4: 0.7026 | FZ4: 0.701882 | GA4: 0.704774 | GB4: 0.702884 | GC4: 0.705428 | GD4: 0.707239 | GE4: 0.708837 | GF4: 0.708352 | GG4: 0.707566 | GH4: 0.709577 | GI4: 0.70965 | GJ4: 0.708659 | GK4: 0.709771 | GL4: 0.711305 | GM4: 0.708152 | GN4: 0.707444 | GO4: 0.706904 | GP4: 0.706831 | GQ4: 0.70703 | GR4: 0.708893 | GS4: 0.70955 | GT4: 0.708 | GU4: 0.708683 | GV4: 0.710431 | GW4: 0.70996 | GX4: 0.709671 | GY4: 0.708701 | GZ4: 0.713278 | HA4: 0.712493 | HB4: 0.711903 | HC4: 0.711691 | HD4: 0.712151 | HE4: 0.712581 | HF4: 0.713708 | HG4: 0.714157 | HH4: 0.713343 | HI4: 0.712478 | HJ4: 0.712515 | HK4: 0.712471 | HL4: 0.711022 | HM4: 0.707746 | HN4: 0.709595 | HO4: 0.708747 | HP4: 0.708751 | HQ4: 0.709918 | HR4: 0.708794 | HS4: 0.704217 | HT4: 0.70549 | HU4: 0.705975 | HV4: 0.706505 | HW4: 0.70491 | HX4: 0.70609 | HY4: 0.70612 | HZ4: 0.70724 | IA4: 0.708142 | IB4: 0.708986 | IC4: 0.70818 | ID4: 0.708681 | IE4: 0.709315 | IF4: 0.706844 | IG4: 0.707184 | IH4: 0.707695 | II4: 0.707246 | IJ4: 0.706632 | IK4: 0.706255 | IL4: 0.706353 | IM4: 0.705664 | IN4: 0.705257 | IO4: 0.703879 | IP4: 0.702181
A5: y, N=50, P=8 | B5: 0 | C5: 0 | D5: 0 | E5: 0 | F5: 0 | G5: 0 | H5: 0 | I5: 0 | J5: 0 | K5: 0 | L5: 0 | M5: 0 | N5: 0 | O5: 0 | P5: 0 | Q5: 0 | R5: 0 | S5: 0 | T5: 0 | U5: 0 | V5: 0 | W5: 0 | X5: 0 | Y5: 0 | Z5: 0 | AA5: 0 | AB5: 0 | AC5: 0 | AD5: 0 | AE5: 0 | AF5: 0 | AG5: 0 | AH5: 0 | AI5: 0 | AJ5: 0 | AK5: 0 | AL5: 0 | AM5: 0 | AN5: 0 | AO5: 0 | AP5: 0 | AQ5: 0 | AR5: 0 | AS5: 0 | AT5: 0 | AU5: 0 | AV5: 0 | AW5: 0 | AX5: 0 | AY5: 0 | AZ5: 0 | BA5: 0 | BB5: 0 | BC5: 0 | BD5: 0 | BE5: 0 | BF5: 0 | BG5: 0.731403 | BH5: 0.731635 | BI5: 0.733746 | BJ5: 0.734961 | BK5: 0.736353 | BL5: 0.736429 | BM5: 0.73726 | BN5: 0.737019 | BO5: 0.737564 | BP5: 0.738134 | BQ5: 0.73937 | BR5: 0.737995 | BS5: 0.737666 | BT5: 0.736347 | BU5: 0.736428 | BV5: 0.735717 | BW5: 0.734404 | BX5: 0.732296 | BY5: 0.732399 | BZ5: 0.733092 | CA5: 0.730099 | CB5: 0.730619 | CC5: 0.73028 | CD5: 0.729598 | CE5: 0.729326 | CF5: 0.730158 | CG5: 0.729687 | CH5: 0.730011 | CI5: 0.730504 | CJ5: 0.7292 | CK5: 0.729894 | CL5: 0.731628 | CM5: 0.731603 | CN5: 0.732451 | CO5: 0.732201 | CP5: 0.729186 | CQ5: 0.727759 | CR5: 0.724652 | CS5: 0.723597 | CT5: 0.723808 | CU5: 0.722265 | CV5: 0.723345 | CW5: 0.724073 | CX5: 0.72299 | CY5: 0.723044 | CZ5: 0.724102 | DA5: 0.72174 | DB5: 0.722467 | DC5: 0.722141 | DD5: 0.721307 | DE5: 0.721028 | DF5: 0.72071 | DG5: 0.72137 | DH5: 0.723899 | DI5: 0.722325 | DJ5: 0.723016 | DK5: 0.7231 | DL5: 0.722962 | DM5: 0.724227 | DN5: 0.722762 | DO5: 0.725358 | DP5: 0.724886 | DQ5: 0.725462 | DR5: 0.724511 | DS5: 0.724157 | DT5: 0.722415 | DU5: 0.720051 | DV5: 0.718058 | DW5: 0.718069 | DX5: 0.720923 | DY5: 0.722311 | DZ5: 0.720586 | EA5: 0.719927 | EB5: 0.720263 | EC5: 0.720439 | ED5: 0.718944 | EE5: 0.71906 | EF5: 0.71864 | EG5: 0.717137 | EH5: 0.714586 | EI5: 0.715389 | EJ5: 0.716197 | EK5: 0.713184 | EL5: 0.713319 | EM5: 0.712481 | EN5: 0.712306 | EO5: 0.71114 | EP5: 0.711626 | EQ5: 0.709743 | ER5: 0.707967 | ES5: 0.708063 | ET5: 0.707287 | EU5: 0.707071 | EV5: 0.709486 | EW5: 0.708473 | EX5: 0.709948 | EY5: 0.709763 | EZ5: 0.708621 | FA5: 0.70889 | FB5: 0.710402 | FC5: 0.711399 | FD5: 0.711202 | FE5: 0.709704 | FF5: 0.709375 | FG5: 0.709367 | FH5: 0.708991 | FI5: 0.709107 | FJ5: 0.708205 | FK5: 0.704263 | FL5: 0.703039 | FM5: 0.70618 | FN5: 0.706266 | FO5: 0.704342 | FP5: 0.705404 | FQ5: 0.702345 | FR5: 0.701107 | FS5: 0.700386 | FT5: 0.70248 | FU5: 0.702226 | FV5: 0.701361 | FW5: 0.704053 | FX5: 0.701088 | FY5: 0.701498 | FZ5: 0.702797 | GA5: 0.70275 | GB5: 0.703611 | GC5: 0.703732 | GD5: 0.704795 | GE5: 0.706782 | GF5: 0.709004 | GG5: 0.707601 | GH5: 0.709082 | GI5: 0.708944 | GJ5: 0.710448 | GK5: 0.709499 | GL5: 0.710286 | GM5: 0.710847 | GN5: 0.707741 | GO5: 0.708502 | GP5: 0.706901 | GQ5: 0.706904 | GR5: 0.707545 | GS5: 0.709651 | GT5: 0.707975 | GU5: 0.707651 | GV5: 0.708658 | GW5: 0.710189 | GX5: 0.70982 | GY5: 0.710332 | GZ5: 0.709268 | HA5: 0.712593 | HB5: 0.711865 | HC5: 0.712945 | HD5: 0.711539 | HE5: 0.712483 | HF5: 0.711935 | HG5: 0.715535 | HH5: 0.713794 | HI5: 0.713335 | HJ5: 0.712737 | HK5: 0.712896 | HL5: 0.712704 | HM5: 0.711489 | HN5: 0.708774 | HO5: 0.709765 | HP5: 0.708818 | HQ5: 0.709206 | HR5: 0.709741 | HS5: 0.708666 | HT5: 0.704573 | HU5: 0.706487 | HV5: 0.705428 | HW5: 0.705712 | HX5: 0.705461 | HY5: 0.70591 | HZ5: 0.705699 | IA5: 0.70703 | IB5: 0.708315 | IC5: 0.708431 | ID5: 0.708186 | IE5: 0.70904 | IF5: 0.709266 | IG5: 0.706895 | IH5: 0.707996 | II5: 0.707607 | IJ5: 0.706663 | IK5: 0.707033 | IL5: 0.706149 | IM5: 0.70616 | IN5: 0.705771 | IO5: 0.705316 | IP5: 0.703899

Sheet SDR-USD
A1: Least Squares autoregression
A3: n | B3: 0 | C3: 1 | D3: 2 | E3: 3 | F3: 4 | G3: 5 | H3: 6 | I3: 7 | J3: 8 | K3: 9 | L3: 10 | M3: 11 | N3: 12 | O3: 13 | P3: 14 | Q3: 15 | R3: 16 | S3: 17 | T3: 18 | U3: 19 | V3: 20 | W3: 21 | X3: 22 | Y3: 23 | Z3: 24 | AA3: 25 | AB3: 26 | AC3: 27 | AD3: 28 | AE3: 29 | AF3: 30 | AG3: 31 | AH3: 32 | AI3: 33 | AJ3: 34 | AK3: 35 | AL3: 36 | AM3: 37 | AN3: 38 | AO3: 39 | AP3: 40 | AQ3: 41 | AR3: 42 | AS3: 43 | AT3: 44 | AU3: 45 | AV3: 46 | AW3: 47 | AX3: 48 | AY3: 49 | AZ3: 50 | BA3: 51 | BB3: 52 | BC3: 53 | BD3: 54 | BE3: 55 | BF3: 56 | BG3: 57 | BH3: 58 | BI3: 59 | BJ3: 60 | BK3: 61 | BL3: 62 | BM3: 63 | BN3: 64 | BO3: 65 | BP3: 66 | BQ3: 67 | BR3: 68 | BS3: 69 | BT3: 70 | BU3: 71 | BV3: 72 | BW3: 73 | BX3: 74 | BY3: 75 | BZ3: 76 | CA3: 77 | CB3: 78 | CC3: 79 | CD3: 80 | CE3: 81 | CF3: 82 | CG3: 83 | CH3: 84 | CI3: 85 | CJ3: 86 | CK3: 87 | CL3: 88 | CM3: 89 | CN3: 90 | CO3: 91 | CP3: 92 | CQ3: 93 | CR3: 94 | CS3: 95 | CT3: 96 | CU3: 97 | CV3: 98 | CW3: 99 | CX3: 100 | CY3: 101 | CZ3: 102 | DA3: 103 | DB3: 104 | DC3: 105 | DD3: 106 | DE3: 107 | DF3: 108 | DG3: 109 | DH3: 110 | DI3: 111 | DJ3: 112 | DK3: 113 | DL3: 114 | DM3: 115 | DN3: 116 | DO3: 117 | DP3: 118 | DQ3: 119 | DR3: 120 | DS3: 121 | DT3: 122 | DU3: 123 | DV3: 124 | DW3: 125 | DX3: 126 | DY3: 127 | DZ3: 128 | EA3: 129 | EB3: 130 | EC3: 131 | ED3: 132 | EE3: 133 | EF3: 134 | EG3: 135 | EH3: 136 | EI3: 137 | EJ3: 138 | EK3: 139 | EL3: 140 | EM3: 141 | EN3: 142 | EO3: 143 | EP3: 144 | EQ3: 145 | ER3: 146 | ES3: 147 | ET3: 148 | EU3: 149 | EV3: 150 | EW3: 151 | EX3: 152 | EY3: 153 | EZ3: 154 | FA3: 155 | FB3: 156 | FC3: 157 | FD3: 158 | FE3: 159 | FF3: 160 | FG3: 161 | FH3: 162 | FI3: 163 | FJ3: 164 | FK3: 165 | FL3: 166 | FM3: 167 | FN3: 168 | FO3: 169 | FP3: 170 | FQ3: 171 | FR3: 172 | FS3: 173 | FT3: 174 | FU3: 175 | FV3: 176 | FW3: 177 | FX3: 178 | FY3: 179 | FZ3: 180 | GA3: 181 | GB3: 182 | GC3: 183 | GD3: 184 | GE3: 185 | GF3: 186 | GG3: 187 | GH3: 188 | GI3: 189 | GJ3: 190 | GK3: 191 | GL3: 192 | GM3: 193 | GN3: 194 | GO3: 195 | GP3: 196 | GQ3: 197 | GR3: 198 | GS3: 199 | GT3: 200 | GU3: 201 | GV3: 202 | GW3: 203 | GX3: 204 | GY3: 205 | GZ3: 206 | HA3: 207 | HB3: 208 | HC3: 209 | HD3: 210 | HE3: 211 | HF3: 212 | HG3: 213 | HH3: 214 | HI3: 215 | HJ3: 216 | HK3: 217 | HL3: 218 | HM3: 219 | HN3: 220 | HO3: 221 | HP3: 222 | HQ3: 223 | HR3: 224 | HS3: 225 | HT3: 226 | HU3: 227 | HV3: 228 | HW3: 229 | HX3: 230 | HY3: 231 | HZ3: 232 | IA3: 233 | IB3: 234 | IC3: 235 | ID3: 236 | IE3: 237 | IF3: 238 | IG3: 239 | IH3: 240 | II3: 241 | IJ3: 242 | IK3: 243 | IL3: 244 | IM3: 245 | IN3: 246 | IO3: 247 | IP3: 248 | IQ3: 249 | IR3: 250 | IS3: 251 | IT3: 252 | IU3: 253 | IV3: 254 | IW3: 255 | IX3: 256 | IY3: 257 | IZ3: 258 | JA3: 259 | JB3: 260 | JC3: 261 | JD3: 262 | JE3: 263 | JF3: 264 | JG3: 265 | JH3: 266 | JI3: 267 | JJ3: 268 | JK3: 269 | JL3: 270 | JM3: 271 | JN3: 272 | JO3: 273 | JP3: 274 | JQ3: 275 | JR3: 276 | JS3: 277 | JT3: 278 | JU3: 279 | JV3: 280 | JW3: 281 | JX3: 282 | JY3: 283 | JZ3: 284 | KA3: 285 | KB3: 286 | KC3: 287 | KD3: 288 | KE3: 289 | KF3: 290 | KG3: 291 | KH3: 292 | KI3: 293 | KJ3: 294 | KK3: 295 | KL3: 296 | KM3: 297 | KN3: 298 | KO3: 299 | KP3: 300 | KQ3: 301 | KR3: 302 | KS3: 303 | KT3: 304 | KU3: 305 | KV3: 306 | KW3: 307 | KX3: 308 | KY3: 309 | KZ3: 310 | LA3: 311 | LB3: 312 | LC3: 313 | LD3: 314 | LE3: 315 | LF3: 316 | LG3: 317 | LH3: 318 | LI3: 319 | LJ3: 320 | LK3: 321 | LL3: 322 | LM3: 323 | LN3: 324 | LO3: 325 | LP3: 326 | LQ3: 327 | LR3: 328 | LS3: 329 | LT3: 330 | LU3: 331 | LV3: 332 | LW3: 333 | LX3: 334 | LY3: 335 | LZ3: 336 | MA3: 337 | MB3: 338 | MC3: 339 | MD3: 340 | ME3: 341 | MF3: 342 | MG3: 343 | MH3: 344 | MI3: 345 | MJ3: 346 | MK3: 347 | ML3: 348 | MM3: 349 | MN3: 350 | MO3: 351 | MP3: 352 | MQ3: 353 | MR3: 354 | MS3: 355 | MT3: 356 | MU3: 357 | MV3: 358 | MW3: 359 | MX3: 360 | MY3: 361 | MZ3: 362 | NA3: 363 | NB3: 364 | NC3: 365 | ND3: 366 | NE3: 367 | NF3: 368 | NG3: 369 | NH3: 370 | NI3: 371 | NJ3: 372 | NK3: 373 | NL3: 374 | NM3: 375 | NN3: 376 | NO3: 377 | NP3: 378 | NQ3: 379 | NR3: 380 | NS3: 381 | NT3: 382 | NU3: 383 | NV3: 384 | NW3: 385 | NX3: 386 | NY3: 387 | NZ3: 388 | OA3: 389 | OB3: 390 | OC3: 391 | OD3: 392 | OE3: 393 | OF3: 394 | OG3: 395 | OH3: 396 | OI3: 397 | OJ3: 398 | OK3: 399 | OL3: 400 | OM3: 401 | ON3: 402 | OO3: 403 | OP3: 404 | OQ3: 405 | OR3: 406 | OS3: 407 | OT3: 408 | OU3: 409 | OV3: 410 | OW3: 411 | OX3: 412 | OY3: 413 | OZ3: 414 | PA3: 415 | PB3: 416 | PC3: 417 | PD3: 418 | PE3: 419 | PF3: 420 | PG3: 421 | PH3: 422 | PI3: 423 | PJ3: 424 | PK3: 425 | PL3: 426 | PM3: 427 | PN3: 428 | PO3: 429 | PP3: 430 | PQ3: 431 | PR3: 432 | PS3: 433 | PT3: 434 | PU3: 435 | PV3: 436 | PW3: 437 | PX3: 438 | PY3: 439 | PZ3: 440 | QA3: 441 | QB3: 442 | QC3: 443 | QD3: 444 | QE3: 445 | QF3: 446 | QG3: 447 | QH3: 448 | QI3: 449 | QJ3: 450 | QK3: 451 | QL3: 452 | QM3: 453 | QN3: 454 | QO3: 455 | QP3: 456 | QQ3: 457 | QR3: 458 | QS3: 459 | QT3: 460 | QU3: 461 | QV3: 462 | QW3: 463 | QX3: 464 | QY3: 465 | QZ3: 466 | RA3: 467 | RB3: 468 | RC3: 469 | RD3: 470 | RE3: 471 | RF3: 472 | RG3: 473 | RH3: 474 | RI3: 475 | RJ3: 476 | RK3: 477 | RL3: 478 | RM3: 479 | RN3: 480 | RO3: 481 | RP3: 482 | RQ3: 483 | RR3: 484 | RS3: 485 | RT3: 486 | RU3: 487 | RV3: 488 | RW3: 489 | RX3: 490 | RY3: 491 | RZ3: 492 | SA3: 493 | SB3: 494 | SC3: 495 | SD3: 496 | SE3: 497 | SF3: 498 | SG3: 499 | SH3: 500 | SI3: 501 | SJ3: 502 | SK3: 503 | SL3: 504 | SM3: 505 | SN3: 506 | SO3: 507 | SP3: 508 | SQ3: 509 | SR3: 510 | SS3: 511 | ST3: 512 | SU3: 513 | SV3: 514 | SW3: 515 | SX3: 516 | SY3: 517 | SZ3: 518 | TA3: 519 | TB3: 520 | TC3: 521 | TD3: 522 | TE3: 523 | TF3: 524 | TG3: 525 | TH3: 526 | TI3: 527 | TJ3: 528 | TK3: 529 | TL3: 530 | TM3: 531 | TN3: 532 | TO3: 533 | TP3: 534 | TQ3: 535 | TR3: 536 | TS3: 537 | TT3: 538 | TU3: 539 | TV3: 540 | TW3: 541 | TX3: 542 | TY3: 543 | TZ3: 544 | UA3: 545 | UB3: 546 | UC3: 547 | UD3: 548 | UE3: 549 | UF3: 550 | UG3: 551 | UH3: 552 | UI3: 553 | UJ3: 554 | UK3: 555 | UL3: 556 | UM3: 557 | UN3: 558 | UO3: 559 | UP3: 560 | UQ3: 561 | UR3: 562 | US3: 563 | UT3: 564 | UU3: 565 | UV3: 566 | UW3: 567 | UX3: 568 | UY3: 569 | UZ3: 570 | VA3: 571 | VB3: 572 | VC3: 573 | VD3: 574 | VE3: 575 | VF3: 576 | VG3: 577 | VH3: 578 | VI3: 579 | VJ3: 580 | VK3: 581 | VL3: 582 | VM3: 583 | VN3: 584 | VO3: 585 | VP3: 586 | VQ3: 587 | VR3: 588 | VS3: 589 | VT3: 590 | VU3: 591 | VV3: 592 | VW3: 593 | VX3: 594 | VY3: 595 | VZ3: 596 | WA3: 597 | WB3: 598 | WC3: 599 | WD3: 600 | WE3: 601 | WF3: 602 | WG3: 603 | WH3: 604 | WI3: 605 | WJ3: 606 | WK3: 607 | WL3: 608 | WM3: 609 | WN3: 610 | WO3: 611 | WP3: 612 | WQ3: 613 | WR3: 614 | WS3: 615 | WT3: 616 | WU3: 617 | WV3: 618 | WW3: 619 | WX3: 620 | WY3: 621 | WZ3: 622 | XA3: 623 | XB3: 624 | XC3: 625 | XD3: 626 | XE3: 627 | XF3: 628 | XG3: 629 | XH3: 630 | XI3: 631 | XJ3: 632 | XK3: 633 | XL3: 634 | XM3: 635 | XN3: 636 | XO3: 637 | XP3: 638 | XQ3: 639 | XR3: 640 | XS3: 641 | XT3: 642 | XU3: 643 | XV3: 644 | XW3: 645 | XX3: 646 | XY3: 647 | XZ3: 648 | YA3: 649 | YB3: 650 | YC3: 651 | YD3: 652 | YE3: 653 | YF3: 654 | YG3: 655 | YH3: 656 | YI3: 657 | YJ3: 658 | YK3: 659 | YL3: 660 | YM3: 661 | YN3: 662 | YO3: 663 | YP3: 664 | YQ3: 665 | YR3: 666 | YS3: 667 | YT3: 668 | YU3: 669 | YV3: 670 | YW3: 671 | YX3: 672 | YY3: 673 | YZ3: 674 | ZA3: 675 | ZB3: 676 | ZC3: 677 | ZD3: 678 | ZE3: 679 | ZF3: 680 | ZG3: 681 | ZH3: 682 | ZI3: 683 | ZJ3: 684 | ZK3: 685 | ZL3: 686 | ZM3: 687 | ZN3: 688 | ZO3: 689 | ZP3: 690 | ZQ3: 691 | ZR3: 692 | ZS3: 693 | ZT3: 694 | ZU3: 695 | ZV3: 696 | ZW3: 697 | ZX3: 698 | ZY3: 699 | ZZ3: 700 | AAA3: 701 | AAB3: 702 | AAC3: 703 | AAD3: 704 | AAE3: 705 | AAF3: 706 | AAG3: 707 | AAH3: 708 | AAI3: 709 | AAJ3: 710 | AAK3: 711 | AAL3: 712 | AAM3: 713 | AAN3: 714 | AAO3: 715 | AAP3: 716 | AAQ3: 717 | AAR3: 718 | AAS3: 719 | AAT3: 720 | AAU3: 721 | AAV3: 722 | AAW3: 723 | AAX3: 724 | AAY3: 725 | AAZ3: 726 | ABA3: 727 | ABB3: 728 | ABC3: 729 | ABD3: 730 | ABE3: 731 | ABF3: 732 | ABG3: 733 | ABH3: 734 | ABI3: 735 | ABJ3: 736 | ABK3: 737 | ABL3: 738 | ABM3: 739 | ABN3: 740 | ABO3: 741 | ABP3: 742 | ABQ3: 743 | ABR3: 744 | ABS3: 745 | ABT3: 746 | ABU3: 747 | ABV3: 748 | ABW3: 749 | ABX3: 750 | ABY3: 751 | ABZ3: 752 | ACA3: 753 | ACB3: 754 | ACC3: 755 | ACD3: 756 | ACE3: 757 | ACF3: 758 | ACG3: 759 | ACH3: 760 | ACI3: 761 | ACJ3: 762 | ACK3: 763 | ACL3: 764 | ACM3: 765 | ACN3: 766 | ACO3: 767 | ACP3: 768 | ACQ3: 769 | ACR3: 770 | ACS3: 771 | ACT3: 772 | ACU3: 773 | ACV3: 774 | ACW3: 775 | ACX3: 776 | ACY3: 777 | ACZ3: 778 | ADA3: 779 | ADB3: 780 | ADC3: 781 | ADD3: 782 | ADE3: 783 | ADF3: 784 | ADG3: 785 | ADH3: 786 | ADI3: 787 | ADJ3: 788 | ADK3: 789 | ADL3: 790 | ADM3: 791 | ADN3: 792 | ADO3: 793 | ADP3: 794 | ADQ3: 795 | ADR3: 796 | ADS3: 797 | ADT3: 798 | ADU3: 799 | ADV3: 800 | ADW3: 801 | ADX3: 802 | ADY3: 803 | ADZ3: 804 | AEA3: 805 | AEB3: 806 | AEC3: 807 | AED3: 808 | AEE3: 809 | AEF3: 810 | AEG3: 811 | AEH3: 812 | AEI3: 813 | AEJ3: 814 | AEK3: 815 | AEL3: 816 | AEM3: 817 | AEN3: 818 | AEO3: 819 | AEP3: 820 | AEQ3: 821 | AER3: 822 | AES3: 823 | AET3: 824 | AEU3: 825 | AEV3: 826 | AEW3: 827 | AEX3: 828 | AEY3: 829 | AEZ3: 830 | AFA3: 831 | AFB3: 832 | AFC3: 833 | AFD3: 834 | AFE3: 835 | AFF3: 836 | AFG3: 837 | AFH3: 838 | AFI3: 839 | AFJ3: 840 | AFK3: 841 | AFL3: 842 | AFM3: 843 | AFN3: 844 | AFO3: 845 | AFP3: 846 | AFQ3: 847 | AFR3: 848 | AFS3: 849 | AFT3: 850 | AFU3: 851 | AFV3: 852 | AFW3: 853 | AFX3: 854 | AFY3: 855 | AFZ3: 856 | AGA3: 857 | AGB3: 858 | AGC3: 859 | AGD3: 860 | AGE3: 861 | AGF3: 862 | AGG3: 863 | AGH3: 864 | AGI3: 865 | AGJ3: 866 | AGK3: 867 | AGL3: 868 | AGM3: 869 | AGN3: 870 | AGO3: 871 | AGP3: 872 | AGQ3: 873 | AGR3: 874 | AGS3: 875 | AGT3: 876 | AGU3: 877 | AGV3: 878 | AGW3: 879 | AGX3: 880 | AGY3: 881 | AGZ3: 882 | AHA3: 883 | AHB3: 884 | AHC3: 885 | AHD3: 886 | AHE3: 887 | AHF3: 888 | AHG3: 889 | AHH3: 890 | AHI3: 891 | AHJ3: 892 | AHK3: 893 | AHL3: 894 | AHM3: 895 | AHN3: 896 | AHO3: 897 | AHP3: 898 | AHQ3: 899 | AHR3: 900 | AHS3: 901 | AHT3: 902 | AHU3: 903 | AHV3: 904 | AHW3: 905 | AHX3: 906 | AHY3: 907 | AHZ3: 908 | AIA3: 909 | AIB3: 910 | AIC3: 911 | AID3: 912 | AIE3: 913 | AIF3: 914 | AIG3: 915 | AIH3: 916 | AII3: 917 | AIJ3: 918 | AIK3: 919 | AIL3: 920 | AIM3: 921 | AIN3: 922 | AIO3: 923 | AIP3: 924 | AIQ3: 925 | AIR3: 926 | AIS3: 927 | AIT3: 928 | AIU3: 929 | AIV3: 930 | AIW3: 931 | AIX3: 932 | AIY3: 933 | AIZ3: 934 | AJA3: 935 | AJB3: 936 | AJC3: 937 | AJD3: 938 | AJE3: 939 | AJF3: 940 | AJG3: 941 | AJH3: 942 | AJI3: 943 | AJJ3: 944 | AJK3: 945 | AJL3: 946 | AJM3: 947 | AJN3: 948 | AJO3: 949 | AJP3: 950 | AJQ3: 951 | AJR3: 952 | AJS3: 953 | AJT3: 954 | AJU3: 955 | AJV3: 956 | AJW3: 957 | AJX3: 958 | AJY3: 959 | AJZ3: 960 | AKA3: 961 | AKB3: 962 | AKC3: 963 | AKD3: 964 | AKE3: 965 | AKF3: 966 | AKG3: 967 | AKH3: 968 | AKI3: 969 | AKJ3: 970 | AKK3: 971 | AKL3: 972 | AKM3: 973 | AKN3: 974 | AKO3: 975 | AKP3: 976 | AKQ3: 977 | AKR3: 978 | AKS3: 979 | AKT3: 980 | AKU3: 981 | AKV3: 982 | AKW3: 983 | AKX3: 984 | AKY3: 985 | AKZ3: 986 | ALA3: 987 | ALB3: 988 | ALC3: 989 | ALD3: 990 | ALE3: 991 | ALF3: 992 | ALG3: 993 | ALH3: 994 | ALI3: 995 | ALJ3: 996 | ALK3: 997 | ALL3: 998 | ALM3: 999 | ALN3: 1000 | ALO3: 1001 | ALP3: 1002 | ALQ3: 1003 | ALR3: 1004 | ALS3: 1005 | ALT3: 1006 | ALU3: 1007 | ALV3: 1008 | ALW3: 1009 | ALX3: 1010 | ALY3: 1011 | ALZ3: 1012 | AMA3: 1013 | AMB3: 1014 | AMC3: 1015 | AMD3: 1016 | AME3: 1017 | AMF3: 1018 | AMG3: 1019 | AMH3: 1020 | AMI3: 1021 | AMJ3: 1022 | AMK3: 1023 | AML3: 1024 | AMM3: 1025 | AMN3: 1026 | AMO3: 1027 | AMP3: 1028 | AMQ3: 1029 | AMR3: 1030 | AMS3: 1031 | AMT3: 1032 | AMU3: 1033 | AMV3: 1034 | AMW3: 1035 | AMX3: 1036 | AMY3: 1037 | AMZ3: 1038 | ANA3: 1039 | ANB3: 1040 | ANC3: 1041 | AND3: 1042 | ANE3: 1043 | ANF3: 1044 | ANG3: 1045 | ANH3: 1046 | ANI3: 1047 | ANJ3: 1048 | ANK3: 1049 | ANL3: 1050 | ANM3: 1051 | ANN3: 1052 | ANO3: 1053 | ANP3: 1054 | ANQ3: 1055 | ANR3: 1056 | ANS3: 1057 | ANT3: 1058 | ANU3: 1059 | ANV3: 1060 | ANW3: 1061 | ANX3: 1062 | ANY3: 1063 | ANZ3: 1064 | AOA3: 1065 | AOB3: 1066 | AOC3: 1067 | AOD3: 1068 | AOE3: 1069 | AOF3: 1070 | AOG3: 1071 | AOH3: 1072 | AOI3: 1073 | AOJ3: 1074 | AOK3: 1075 | AOL3: 1076 | AOM3: 1077 | AON3: 1078 | AOO3: 1079 | AOP3: 1080 | AOQ3: 1081 | AOR3: 1082 | AOS3: 1083 | AOT3: 1084 | AOU3: 1085 | AOV3: 1086 | AOW3: 1087 | AOX3: 1088 | AOY3: 1089 | AOZ3: 1090 | APA3: 1091 | APB3: 1092 | APC3: 1093 | APD3: 1094 | APE3: 1095 | APF3: 1096 | APG3: 1097 | APH3: 1098 | API3: 1099 | APJ3: 1100 | APK3: 1101 | APL3: 1102 | APM3: 1103 | APN3: 1104 | APO3: 1105 | APP3: 1106 | APQ3: 1107 | APR3: 1108 | APS3: 1109 | APT3: 1110 | APU3: 1111 | APV3: 1112 | APW3: 1113 | APX3: 1114 | APY3: 1115 | APZ3: 1116 | AQA3: 1117 | AQB3: 1118 | AQC3: 1119 | AQD3: 1120 | AQE3: 1121 | AQF3: 1122 | AQG3: 1123 | AQH3: 1124 | AQI3: 1125 | AQJ3: 1126 | AQK3: 1127 | AQL3: 1128 | AQM3: 1129 | AQN3: 1130 | AQO3: 1131 | AQP3: 1132 | AQQ3: 1133 | AQR3: 1134 | AQS3: 1135 | AQT3: 1136 | AQU3: 1137 | AQV3: 1138 | AQW3: 1139 | AQX3: 1140 | AQY3: 1141 | AQZ3: 1142 | ARA3: 1143 | ARB3: 1144 | ARC3: 1145 | ARD3: 1146 | ARE3: 1147 | ARF3: 1148 | ARG3: 1149 | ARH3: 1150 | ARI3: 1151 | ARJ3: 1152 | ARK3: 1153 | ARL3: 1154 | ARM3: 1155 | ARN3: 1156 | ARO3: 1157 | ARP3: 1158 | ARQ3: 1159 | ARR3: 1160 | ARS3: 1161 | ART3: 1162 | ARU3: 1163 | ARV3: 1164 | ARW3: 1165 | ARX3: 1166 | ARY3: 1167 | ARZ3: 1168 | ASA3: 1169 | ASB3: 1170 | ASC3: 1171 | ASD3: 1172 | ASE3: 1173 | ASF3: 1174 | ASG3: 1175 | ASH3: 1176 | ASI3: 1177 | ASJ3: 1178 | ASK3: 1179 | ASL3: 1180 | ASM3: 1181 | ASN3: 1182 | ASO3: 1183 | ASP3: 1184 | ASQ3: 1185 | ASR3: 1186 | ASS3: 1187 | AST3: 1188 | ASU3: 1189 | ASV3: 1190 | ASW3: 1191 | ASX3: 1192 | ASY3: 1193 | ASZ3: 1194 | ATA3: 1195 | ATB3: 1196 | ATC3: 1197 | ATD3: 1198 | ATE3: 1199 | ATF3: 1200 | ATG3: 1201 | ATH3: 1202 | ATI3: 1203 | ATJ3: 1204 | ATK3: 1205 | ATL3: 1206 | ATM3: 1207 | ATN3: 1208 | ATO3: 1209 | ATP3: 1210 | ATQ3: 1211 | ATR3: 1212 | ATS3: 1213 | ATT3: 1214 | ATU3: 1215 | ATV3: 1216 | ATW3: 1217 | ATX3: 1218 | ATY3: 1219 | ATZ3: 1220 | AUA3: 1221 | AUB3: 1222 | AUC3: 1223 | AUD3: 1224 | AUE3: 1225 | AUF3: 1226 | AUG3: 1227 | AUH3: 1228 | AUI3: 1229 | AUJ3: 1230 | AUK3: 1231 | AUL3: 1232 | AUM3: 1233 | AUN3: 1234 | AUO3: 1235 | AUP3: 1236 | AUQ3: 1237 | AUR3: 1238 | AUS3: 1239 | AUT3: 1240 | AUU3: 1241 | AUV3: 1242 | AUW3: 1243 | AUX3: 1244 | AUY3: 1245 | AUZ3: 1246 | AVA3: 1247 | AVB3: 1248 | AVC3: 1249 | AVD3: 1250 | AVE3: 1251 | AVF3: 1252 | AVG3: 1253 | AVH3: 1254 | AVI3: 1255 | AVJ3: 1256 | AVK3: 1257 | AVL3: 1258 | AVM3: 1259 | AVN3: 1260 | AVO3: 1261 | AVP3: 1262 | AVQ3: 1263 | AVR3: 1264 | AVS3: 1265 | AVT3: 1266 | AVU3: 1267 | AVV3: 1268 | AVW3: 1269 | AVX3: 1270 | AVY3: 1271 | AVZ3: 1272 | AWA3: 1273 | AWB3: 1274 | AWC3: 1275 | AWD3: 1276 | AWE3: 1277 | AWF3: 1278 | AWG3: 1279 | AWH3: 1280 | AWI3: 1281 | AWJ3: 1282 | AWK3: 1283 | AWL3: 1284 | AWM3: 1285 | AWN3: 1286 | AWO3: 1287 | AWP3: 1288 | AWQ3: 1289 | AWR3: 1290 | AWS3: 1291 | AWT3: 1292 | AWU3: 1293 | AWV3: 1294 | AWW3: 1295 | AWX3: 1296 | AWY3: 1297 | AWZ3: 1298 | AXA3: 1299 | AXB3: 1300 | AXC3: 1301 | AXD3: 1302 | AXE3: 1303 | AXF3: 1304 | AXG3: 1305 | AXH3: 1306 | AXI3: 1307 | AXJ3: 1308 | AXK3: 1309 | AXL3: 1310 | AXM3: 1311 | AXN3: 1312 | AXO3: 1313 | AXP3: 1314 | AXQ3: 1315 | AXR3: 1316 | AXS3: 1317 | AXT3: 1318 | AXU3: 1319 | AXV3: 1320 | AXW3: 1321 | AXX3: 1322 | AXY3: 1323 | AXZ3: 1324 | AYA3: 1325 | AYB3: 1326 | AYC3: 1327 | AYD3: 1328 | AYE3: 1329 | AYF3: 1330 | AYG3: 1331 | AYH3: 1332 | AYI3: 1333 | AYJ3: 1334 | AYK3: 1335 | AYL3: 1336 | AYM3: 1337 | AYN3: 1338 | AYO3: 1339 | AYP3: 1340 | AYQ3: 1341 | AYR3: 1342 | AYS3: 1343 | AYT3: 1344 | AYU3: 1345 | AYV3: 1346 | AYW3: 1347 | AYX3: 1348 | AYY3: 1349 | AYZ3: 1350 | AZA3: 1351 | AZB3: 1352 | AZC3: 1353 | AZD3: 1354 | AZE3: 1355 | AZF3: 1356 | AZG3: 1357 | AZH3: 1358 | AZI3: 1359 | AZJ3: 1360 | AZK3: 1361 | AZL3: 1362 | AZM3: 1363 | AZN3: 1364 | AZO3: 1365 | AZP3: 1366 | AZQ3: 1367 | AZR3: 1368 | AZS3: 1369 | AZT3: 1370 | AZU3: 1371 | AZV3: 1372 | AZW3: 1373 | AZX3: 1374 | AZY3: 1375 | AZZ3: 1376 | BAA3: 1377 | BAB3: 1378 | BAC3: 1379 | BAD3: 1380 | BAE3: 1381 | BAF3: 1382 | BAG3: 1383 | BAH3: 1384 | BAI3: 1385 | BAJ3: 1386 | BAK3: 1387 | BAL3: 1388 | BAM3: 1389 | BAN3: 1390 | BAO3: 1391 | BAP3: 1392 | BAQ3: 1393 | BAR3: 1394 | BAS3: 1395 | BAT3: 1396 | BAU3: 1397 | BAV3: 1398 | BAW3: 1399 | BAX3: 1400 | BAY3: 1401 | BAZ3: 1402 | BBA3: 1403 | BBB3: 1404 | BBC3: 1405 | BBD3: 1406 | BBE3: 1407 | BBF3: 1408 | BBG3: 1409 | BBH3: 1410 | BBI3: 1411 | BBJ3: 1412 | BBK3: 1413 | BBL3: 1414 | BBM3: 1415 | BBN3: 1416 | BBO3: 1417 | BBP3: 1418 | BBQ3: 1419 | BBR3: 1420 | BBS3: 1421 | BBT3: 1422 | BBU3: 1423 | BBV3: 1424 | BBW3: 1425 | BBX3: 1426 | BBY3: 1427 | BBZ3: 1428 | BCA3: 1429 | BCB3: 1430 | BCC3: 1431 | BCD3: 1432 | BCE3: 1433 | BCF3: 1434 | BCG3: 1435 | BCH3: 1436 | BCI3: 1437 | BCJ3: 1438 | BCK3: 1439 | BCL3: 1440 | BCM3: 1441 | BCN3: 1442 | BCO3: 1443 | BCP3: 1444 | BCQ3: 1445 | BCR3: 1446 | BCS3: 1447 | BCT3: 1448 | BCU3: 1449 | BCV3: 1450 | BCW3: 1451 | BCX3: 1452 | BCY3: 1453 | BCZ3: 1454 | BDA3: 1455 | BDB3: 1456 | BDC3: 1457 | BDD3: 1458 | BDE3: 1459 | BDF3: 1460 | BDG3: 1461 | BDH3: 1462 | BDI3: 1463 | BDJ3: 1464 | BDK3: 1465 | BDL3: 1466 | BDM3: 1467 | BDN3: 1468 | BDO3: 1469 | BDP3: 1470 | BDQ3: 1471 | BDR3: 1472 | BDS3: 1473 | BDT3: 1474 | BDU3: 1475 | BDV3: 1476 | BDW3: 1477 | BDX3: 1478 | BDY3: 1479 | BDZ3: 1480 | BEA3: 1481 | BEB3: 1482 | BEC3: 1483 | BED3: 1484 | BEE3: 1485 | BEF3: 1486 | BEG3: 1487 | BEH3: 1488 | BEI3: 1489 | BEJ3: 1490 | BEK3: 1491 | BEL3: 1492 | BEM3: 1493 | BEN3: 1494 | BEO3: 1495 | BEP3: 1496 | BEQ3: 1497 | BER3: 1498 | BES3: 1499 | BET3: 1500 | BEU3: 1501 | BEV3: 1502 | BEW3: 1503 | BEX3: 1504 | BEY3: 1505 | BEZ3: 1506 | BFA3: 1507 | BFB3: 1508 | BFC3: 1509 | BFD3: 1510 | BFE3: 1511 | BFF3: 1512 | BFG3: 1513 | BFH3: 1514 | BFI3: 1515 | BFJ3: 1516 | BFK3: 1517 | BFL3: 1518 | BFM3: 1519 | BFN3: 1520 | BFO3: 1521 | BFP3: 1522 | BFQ3: 1523 | BFR3: 1524 | BFS3: 1525 | BFT3: 1526 | BFU3: 1527 | BFV3: 1528 | BFW3: 1529 | BFX3: 1530 | BFY3: 1531 | BFZ3: 1532 | BGA3: 1533 | BGB3: 1534 | BGC3: 1535 | BGD3: 1536 | BGE3: 1537 | BGF3: 1538 | BGG3: 1539 | BGH3: 1540 | BGI3: 1541 | BGJ3: 1542 | BGK3: 1543 | BGL3: 1544 | BGM3: 1545 | BGN3: 1546 | BGO3: 1547 | BGP3: 1548 | BGQ3: 1549 | BGR3: 1550 | BGS3: 1551 | BGT3: 1552 | BGU3: 1553 | BGV3: 1554 | BGW3: 1555 | BGX3: 1556 | BGY3: 1557 | BGZ3: 1558 | BHA3: 1559 | BHB3: 1560 | BHC3: 1561 | BHD3: 1562 | BHE3: 1563 | BHF3: 1564 | BHG3: 1565 | BHH3: 1566 | BHI3: 1567 | BHJ3: 1568 | BHK3: 1569 | BHL3: 1570 | BHM3: 1571 | BHN3: 1572 | BHO3: 1573 | BHP3: 1574 | BHQ3: 1575 | BHR3: 1576 | BHS3: 1577 | BHT3: 1578 | BHU3: 1579 | BHV3: 1580 | BHW3: 1581 | BHX3: 1582 | BHY3: 1583 | BHZ3: 1584 | BIA3: 1585 | BIB3: 1586 | BIC3: 1587 | BID3: 1588 | BIE3: 1589 | BIF3: 1590 | BIG3: 1591 | BIH3: 1592 | BII3: 1593 | BIJ3: 1594 | BIK3: 1595 | BIL3: 1596 | BIM3: 1597 | BIN3: 1598 | BIO3: 1599 | BIP3: 1600 | BIQ3: 1601 | BIR3: 1602 | BIS3: 1603 | BIT3: 1604 | BIU3: 1605 | BIV3: 1606 | BIW3: 1607 | BIX3: 1608 | BIY3: 1609 | BIZ3: 1610 | BJA3: 1611 | BJB3: 1612 | BJC3: 1613 | BJD3: 1614 | BJE3: 1615 | BJF3: 1616 | BJG3: 1617 | BJH3: 1618 | BJI3: 1619 | BJJ3: 1620 | BJK3: 1621 | BJL3: 1622 | BJM3: 1623 | BJN3: 1624 | BJO3: 1625 | BJP3: 1626 | BJQ3: 1627 | BJR3: 1628 | BJS3: 1629 | BJT3: 1630 | BJU3: 1631 | BJV3: 1632 | BJW3: 1633 | BJX3: 1634 | BJY3: 1635 | BJZ3: 1636 | BKA3: 1637 | BKB3: 1638 | BKC3: 1639 | BKD3: 1640 | BKE3: 1641 | BKF3: 1642 | BKG3: 1643 | BKH3: 1644 | BKI3: 1645 | BKJ3: 1646 | BKK3: 1647 | BKL3: 1648 | BKM3: 1649 | BKN3: 1650 | BKO3: 1651 | BKP3: 1652 | BKQ3: 1653 | BKR3: 1654 | BKS3: 1655 | BKT3: 1656 | BKU3: 1657 | BKV3: 1658 | BKW3: 1659 | BKX3: 1660 | BKY3: 1661 | BKZ3: 1662 | BLA3: 1663 | BLB3: 1664 | BLC3: 1665 | BLD3: 1666 | BLE3: 1667 | BLF3: 1668 | BLG3: 1669 | BLH3: 1670 | BLI3: 1671 | BLJ3: 1672 | BLK3: 1673 | BLL3: 1674 | BLM3: 1675 | BLN3: 1676 | BLO3: 1677 | BLP3: 1678 | BLQ3: 1679 | BLR3: 1680 | BLS3: 1681 | BLT3: 1682 | BLU3: 1683 | BLV3: 1684 | BLW3: 1685 | BLX3: 1686 | BLY3: 1687 | BLZ3: 1688 | BMA3: 1689 | BMB3: 1690 | BMC3: 1691 | BMD3: 1692 | BME3: 1693 | BMF3: 1694 | BMG3: 1695 | BMH3: 1696 | BMI3: 1697 | BMJ3: 1698 | BMK3: 1699 | BML3: 1700 | BMM3: 1701 | BMN3: 1702 | BMO3: 1703 | BMP3: 1704 | BMQ3: 1705 | BMR3: 1706 | BMS3: 1707 | BMT3: 1708 | BMU3: 1709 | BMV3: 1710 | BMW3: 1711 | BMX3: 1712 | BMY3: 1713 | BMZ3: 1714 | BNA3: 1715 | BNB3: 1716 | BNC3: 1717 | BND3: 1718 | BNE3: 1719 | BNF3: 1720 | BNG3: 1721 | BNH3: 1722 | BNI3: 1723 | BNJ3: 1724 | BNK3: 1725 | BNL3: 1726 | BNM3: 1727 | BNN3: 1728 | BNO3: 1729 | BNP3: 1730 | BNQ3: 1731 | BNR3: 1732 | BNS3: 1733 | BNT3: 1734 | BNU3: 1735 | BNV3: 1736 | BNW3: 1737 | BNX3: 1738 | BNY3: 1739 | BNZ3: 1740 | BOA3: 1741 | BOB3: 1742 | BOC3: 1743 | BOD3: 1744 | BOE3: 1745 | BOF3: 1746 | BOG3: 1747 | BOH3: 1748 | BOI3: 1749 | BOJ3: 1750 | BOK3: 1751 | BOL3: 1752 | BOM3: 1753 | BON3: 1754 | BOO3: 1755 | BOP3: 1756 | BOQ3: 1757 | BOR3: 1758 | BOS3: 1759 | BOT3: 1760 | BOU3: 1761 | BOV3: 1762 | BOW3: 1763 | BOX3: 1764 | BOY3: 1765 | BOZ3: 1766 | BPA3: 1767 | BPB3: 1768 | BPC3: 1769 | BPD3: 1770 | BPE3: 1771 | BPF3: 1772 | BPG3: 1773 | BPH3: 1774 | BPI3: 1775 | BPJ3: 1776 | BPK3: 1777 | BPL3: 1778 | BPM3: 1779 | BPN3: 1780 | BPO3: 1781 | BPP3: 1782 | BPQ3: 1783 | BPR3: 1784 | BPS3: 1785 | BPT3: 1786 | BPU3: 1787 | BPV3: 1788 | BPW3: 1789 | BPX3: 1790 | BPY3: 1791 | BPZ3: 1792 | BQA3: 1793 | BQB3: 1794 | BQC3: 1795 | BQD3: 1796 | BQE3: 1797 | BQF3: 1798 | BQG3: 1799 | BQH3: 1800 | BQI3: 1801 | BQJ3: 1802 | BQK3: 1803 | BQL3: 1804 | BQM3: 1805 | BQN3: 1806 | BQO3: 1807 | BQP3: 1808 | BQQ3: 1809 | BQR3: 1810 | BQS3: 1811 | BQT3: 1812 | BQU3: 1813 | BQV3: 1814 | BQW3: 1815 | BQX3: 1816 | BQY3: 1817 | BQZ3: 1818 | BRA3: 1819 | BRB3: 1820 | BRC3: 1821 | BRD3: 1822 | BRE3: 1823 | BRF3: 1824 | BRG3: 1825 | BRH3: 1826 | BRI3: 1827 | BRJ3: 1828 | BRK3: 1829 | BRL3: 1830 | BRM3: 1831 | BRN3: 1832 | BRO3: 1833 | BRP3: 1834 | BRQ3: 1835 | BRR3: 1836 | BRS3: 1837 | BRT3: 1838 | BRU3: 1839 | BRV3: 1840 | BRW3: 1841 | BRX3: 1842 | BRY3: 1843 | BRZ3: 1844 | BSA3: 1845 | BSB3: 1846 | BSC3: 1847 | BSD3: 1848 | BSE3: 1849 | BSF3: 1850 | BSG3: 1851 | BSH3: 1852 | BSI3: 1853 | BSJ3: 1854 | BSK3: 1855 | BSL3: 1856 | BSM3: 1857 | BSN3: 1858 | BSO3: 1859 | BSP3: 1860 | BSQ3: 1861 | BSR3: 1862 | BSS3: 1863 | BST3: 1864 | BSU3: 1865 | BSV3: 1866 | BSW3: 1867 | BSX3: 1868 | BSY3: 1869 | BSZ3: 1870 | BTA3: 1871 | BTB3: 1872 | BTC3: 1873 | BTD3: 1874 | BTE3: 1875 | BTF3: 1876 | BTG3: 1877 | BTH3: 1878 | BTI3: 1879 | BTJ3: 1880 | BTK3: 1881 | BTL3: 1882 | BTM3: 1883 | BTN3: 1884 | BTO3: 1885 | BTP3: 1886 | BTQ3: 1887 | BTR3: 1888 | BTS3: 1889 | BTT3: 1890 | BTU3: 1891 | BTV3: 1892 | BTW3: 1893 | BTX3: 1894 | BTY3: 1895 | BTZ3: 1896 | BUA3: 1897 | BUB3: 1898 | BUC3: 1899 | BUD3: 1900 | BUE3: 1901 | BUF3: 1902 | BUG3: 1903 | BUH3: 1904 | BUI3: 1905 | BUJ3: 1906 | BUK3: 1907 | BUL3: 1908 | BUM3: 1909 | BUN3: 1910 | BUO3: 1911 | BUP3: 1912 | BUQ3: 1913 | BUR3: 1914 | BUS3: 1915 | BUT3: 1916 | BUU3: 1917 | BUV3: 1918 | BUW3: 1919 | BUX3: 1920 | BUY3: 1921 | BUZ3: 1922 | BVA3: 1923 | BVB3: 1924 | BVC3: 1925 | BVD3: 1926 | BVE3: 1927 | BVF3: 1928 | BVG3: 1929 | BVH3: 1930 | BVI3: 1931 | BVJ3: 1932 | BVK3: 1933 | BVL3: 1934 | BVM3: 1935 | BVN3: 1936 | BVO3: 1937 | BVP3: 1938 | BVQ3: 1939 | BVR3: 1940 | BVS3: 1941 | BVT3: 1942 | BVU3: 1943 | BVV3: 1944 | BVW3: 1945 | BVX3: 1946 | BVY3: 1947 | BVZ3: 1948 | BWA3: 1949 | BWB3: 1950 | BWC3: 1951 | BWD3: 1952 | BWE3: 1953 | BWF3: 1954 | BWG3: 1955 | BWH3: 1956 | BWI3: 1957 | BWJ3: 1958 | BWK3: 1959 | BWL3: 1960 | BWM3: 1961 | BWN3: 1962 | BWO3: 1963 | BWP3: 1964 | BWQ3: 1965 | BWR3: 1966 | BWS3: 1967 | BWT3: 1968 | BWU3: 1969 | BWV3: 1970 | BWW3: 1971 | BWX3: 1972 | BWY3: 1973 | BWZ3: 1974 | BXA3: 1975 | BXB3: 1976 | BXC3: 1977 | BXD3: 1978 | BXE3: 1979 | BXF3: 1980 | BXG3: 1981 | BXH3: 1982 | BXI3: 1983 | BXJ3: 1984 | BXK3: 1985 | BXL3: 1986 | BXM3: 1987 | BXN3: 1988 | BXO3: 1989 | BXP3: 1990 | BXQ3: 1991 | BXR3: 1992 | BXS3: 1993 | BXT3: 1994 | BXU3: 1995 | BXV3: 1996 | BXW3: 1997 | BXX3: 1998 | BXY3: 1999 | BXZ3: 2000 | BYA3: 2001 | BYB3: 2002 | BYC3: 2003 | BYD3: 2004 | BYE3: 2005 | BYF3: 2006 | BYG3: 2007 | BYH3: 2008 | BYI3: 2009 | BYJ3: 2010 | BYK3: 2011 | BYL3: 2012 | BYM3: 2013 | BYN3: 2014 | BYO3: 2015 | BYP3: 2016 | BYQ3: 2017 | BYR3: 2018 | BYS3: 2019 | BYT3: 2020 | BYU3: 2021 | BYV3: 2022 | BYW3: 2023 | BYX3: 2024 | BYY3: 2025 | BYZ3: 2026 | BZA3: 2027 | BZB3: 2028 | BZC3: 2029 | BZD3: 2030 | BZE3: 2031 | BZF3: 2032 | BZG3: 2033 | BZH3: 2034 | BZI3: 2035 | BZJ3: 2036 | BZK3: 2037 | BZL3: 2038 | BZM3: 2039 | BZN3: 2040 | BZO3: 2041 | BZP3: 2042 | BZQ3: 2043 | BZR3: 2044 | BZS3: 2045 | BZT3: 2046 | BZU3: 2047 | BZV3: 2048 | BZW3: 2049 | BZX3: 2050 | BZY3: 2051 | BZZ3: 2052 | CAA3: 2053 | CAB3: 2054 | CAC3: 2055 | CAD3: 2056 | CAE3: 2057 | CAF3: 2058 | CAG3: 2059 | CAH3: 2060 | CAI3: 2061 | CAJ3: 2062 | CAK3: 2063 | CAL3: 2064 | CAM3: 2065 | CAN3: 2066 | CAO3: 2067 | CAP3: 2068 | CAQ3: 2069 | CAR3: 2070 | CAS3: 2071 | CAT3: 2072 | CAU3: 2073 | CAV3: 2074 | CAW3: 2075 | CAX3: 2076 | CAY3: 2077 | CAZ3: 2078 | CBA3: 2079 | CBB3: 2080 | CBC3: 2081 | CBD3: 2082 | CBE3: 2083 | CBF3: 2084 | CBG3: 2085 | CBH3: 2086 | CBI3: 2087 | CBJ3: 2088 | CBK3: 2089 | CBL3: 2090 | CBM3: 2091 | CBN3: 2092 | CBO3: 2093 | CBP3: 2094 | CBQ3: 2095 | CBR3: 2096 | CBS3: 2097 | CBT3: 2098 | CBU3: 2099 | CBV3: 2100 | CBW3: 2101 | CBX3: 2102 | CBY3: 2103 | CBZ3: 2104 | CCA3: 2105 | CCB3: 2106 | CCC3: 2107 | CCD3: 2108 | CCE3: 2109 | CCF3: 2110 | CCG3: 2111 | CCH3: 2112 | CCI3: 2113 | CCJ3: 2114 | CCK3: 2115 | CCL3: 2116 | CCM3: 2117 | CCN3: 2118 | CCO3: 2119 | CCP3: 2120 | CCQ3: 2121 | CCR3: 2122 | CCS3: 2123 | CCT3: 2124 | CCU3: 2125 | CCV3: 2126 | CCW3: 2127 | CCX3: 2128 | CCY3: 2129 | CCZ3: 2130 | CDA3: 2131 | CDB3: 2132 | CDC3: 2133 | CDD3: 2134 | CDE3: 2135 | CDF3: 2136 | CDG3: 2137 | CDH3: 2138 | CDI3: 2139 | CDJ3: 2140 | CDK3: 2141 | CDL3: 2142 | CDM3: 2143 | CDN3: 2144 | CDO3: 2145 | CDP3: 2146 | CDQ3: 2147 | CDR3: 2148 | CDS3: 2149 | CDT3: 2150 | CDU3: 2151 | CDV3: 2152 | CDW3: 2153 | CDX3: 2154 | CDY3: 2155 | CDZ3: 2156 | CEA3: 2157 | CEB3: 2158 | CEC3: 2159 | CED3: 2160 | CEE3: 2161 | CEF3: 2162 | CEG3: 2163 | CEH3: 2164 | CEI3: 2165 | CEJ3: 2166 | CEK3: 2167 | CEL3: 2168 | CEM3: 2169 | CEN3: 2170 | CEO3: 2171 | CEP3: 2172 | CEQ3: 2173 | CER3: 2174 | CES3: 2175 | CET3: 2176 | CEU3: 2177 | CEV3: 2178 | CEW3: 2179 | CEX3: 2180 | CEY3: 2181 | CEZ3: 2182 | CFA3: 2183 | CFB3: 2184 | CFC3: 2185 | CFD3: 2186 | CFE3: 2187 | CFF3: 2188 | CFG3: 2189 | CFH3: 2190 | CFI3: 2191 | CFJ3: 2192 | CFK3: 2193 | CFL3: 2194 | CFM3: 2195 | CFN3: 2196 | CFO3: 2197 | CFP3: 2198 | CFQ3: 2199 | CFR3: 2200 | CFS3: 2201 | CFT3: 2202 | CFU3: 2203 | CFV3: 2204 | CFW3: 2205 | CFX3: 2206 | CFY3: 2207 | CFZ3: 2208 | CGA3: 2209 | CGB3: 2210 | CGC3: 2211 | CGD3: 2212 | CGE3: 2213 | CGF3: 2214 | CGG3: 2215 | CGH3: 2216 | CGI3: 2217 | CGJ3: 2218 | CGK3: 2219 | CGL3: 2220 | CGM3: 2221 | CGN3: 2222 | CGO3: 2223 | CGP3: 2224 | CGQ3: 2225 | CGR3: 2226 | CGS3: 2227 | CGT3: 2228 | CGU3: 2229 | CGV3: 2230 | CGW3: 2231 | CGX3: 2232 | CGY3: 2233 | CGZ3: 2234 | CHA3: 2235 | CHB3: 2236 | CHC3: 2237 | CHD3: 2238 | CHE3: 2239 | CHF3: 2240 | CHG3: 2241 | CHH3: 2242 | CHI3: 2243 | CHJ3: 2244 | CHK3: 2245 | CHL3: 2246 | CHM3: 2247 | CHN3: 2248 | CHO3: 2249 | CHP3: 2250 | CHQ3: 2251 | CHR3: 2252 | CHS3: 2253 | CHT3: 2254 | CHU3: 2255 | CHV3: 2256 | CHW3: 2257 | CHX3: 2258 | CHY3: 2259 | CHZ3: 2260 | CIA3: 2261 | CIB3: 2262 | CIC3: 2263 | CID3: 2264 | CIE3: 2265 | CIF3: 2266 | CIG3: 2267 | CIH3: 2268 | CII3: 2269 | CIJ3: 2270 | CIK3: 2271 | CIL3: 2272 | CIM3: 2273 | CIN3: 2274 | CIO3: 2275 | CIP3: 2276 | CIQ3: 2277 | CIR3: 2278 | CIS3: 2279 | CIT3: 2280 | CIU3: 2281 | CIV3: 2282 | CIW3: 2283 | CIX3: 2284 | CIY3: 2285 | CIZ3: 2286 | CJA3: 2287 | CJB3: 2288 | CJC3: 2289 | CJD3: 2290 | CJE3: 2291 | CJF3: 2292 | CJG3: 2293 | CJH3: 2294 | CJI3: 2295 | CJJ3: 2296 | CJK3: 2297 | CJL3: 2298 | CJM3: 2299 | CJN3: 2300 | CJO3: 2301 | CJP3: 2302 | CJQ3: 2303 | CJR3: 2304 | CJS3: 2305 | CJT3: 2306 | CJU3: 2307 | CJV3: 2308 | CJW3: 2309 | CJX3: 2310 | CJY3: 2311 | CJZ3: 2312 | CKA3: 2313 | CKB3: 2314 | CKC3: 2315 | CKD3: 2316 | CKE3: 2317 | CKF3: 2318 | CKG3: 2319 | CKH3: 2320 | CKI3: 2321 | CKJ3: 2322 | CKK3: 2323 | CKL3: 2324 | CKM3: 2325 | CKN3: 2326 | CKO3: 2327 | CKP3: 2328 | CKQ3: 2329 | CKR3: 2330 | CKS3: 2331 | CKT3: 2332 | CKU3: 2333 | CKV3: 2334 | CKW3: 2335 | CKX3: 2336 | CKY3: 2337 | CKZ3: 2338 | CLA3: 2339 | CLB3: 2340 | CLC3: 2341 | CLD3: 2342 | CLE3: 2343 | CLF3: 2344 | CLG3: 2345 | CLH3: 2346 | CLI3: 2347 | CLJ3: 2348 | CLK3: 2349 | CLL3: 2350 | CLM3: 2351 | CLN3: 2352 | CLO3: 2353 | CLP3: 2354 | CLQ3: 2355 | CLR3: 2356 | CLS3: 2357 | CLT3: 2358 | CLU3: 2359 | CLV3: 2360 | CLW3: 2361 | CLX3: 2362 | CLY3: 2363 | CLZ3: 2364 | CMA3: 2365 | CMB3: 2366 | CMC3: 2367 | CMD3: 2368 | CME3: 2369 | CMF3: 2370 | CMG3: 2371 | CMH3: 2372 | CMI3: 2373 | CMJ3: 2374 | CMK3: 2375 | CML3: 2376 | CMM3: 2377 | CMN3: 2378 | CMO3: 2379 | CMP3: 2380 | CMQ3: 2381 | CMR3: 2382 | CMS3: 2383 | CMT3: 2384 | CMU3: 2385 | CMV3: 2386 | CMW3: 2387 | CMX3: 2388 | CMY3: 2389 | CMZ3: 2390 | CNA3: 2391 | CNB3: 2392 | CNC3: 2393 | CND3: 2394 | CNE3: 2395 | CNF3: 2396 | CNG3: 2397 | CNH3: 2398 | CNI3: 2399 | CNJ3: 2400 | CNK3: 2401 | CNL3: 2402 | CNM3: 2403 | CNN3: 2404 | CNO3: 2405 | CNP3: 2406 | CNQ3: 2407 | CNR3: 2408 | CNS3: 2409 | CNT3: 2410 | CNU3: 2411 | CNV3: 2412 | CNW3: 2413 | CNX3: 2414 | CNY3: 2415 | CNZ3: 2416 | COA3: 2417 | COB3: 2418 | COC3: 2419 | COD3: 2420 | COE3: 2421 | COF3: 2422 | COG3: 2423 | COH3: 2424 | COI3: 2425 | COJ3: 2426 | COK3: 2427 | COL3: 2428 | COM3: 2429 | CON3: 2430 | COO3: 2431 | COP3: 2432 | COQ3: 2433 | COR3: 2434 | COS3: 2435 | COT3: 2436 | COU3: 2437 | COV3: 2438 | COW3: 2439 | COX3: 2440 | COY3: 2441 | COZ3: 2442 | CPA3: 2443 | CPB3: 2444 | CPC3: 2445 | CPD3: 2446 | CPE3: 2447 | CPF3: 2448 | CPG3: 2449 | CPH3: 2450 | CPI3: 2451 | CPJ3: 2452 | CPK3: 2453 | CPL3: 2454 | CPM3: 2455 | CPN3: 2456 | CPO3: 2457 | CPP3: 2458 | CPQ3: 2459 | CPR3: 2460 | CPS3: 2461 | CPT3: 2462 | CPU3: 2463 | CPV3: 2464 | CPW3: 2465 | CPX3: 2466 | CPY3: 2467 | CPZ3: 2468 | CQA3: 2469 | CQB3: 2470 | CQC3: 2471 | CQD3: 2472 | CQE3: 2473 | CQF3: 2474 | CQG3: 2475 | CQH3: 2476 | CQI3: 2477 | CQJ3: 2478 | CQK3: 2479 | CQL3: 2480 | CQM3: 2481 | CQN3: 2482 | CQO3: 2483 | CQP3: 2484 | CQQ3: 2485 | CQR3: 2486 | CQS3: 2487 | CQT3: 2488 | CQU3: 2489 | CQV3: 2490 | CQW3: 2491 | CQX3: 2492 | CQY3: 2493 | CQZ3: 2494 | CRA3: 2495 | CRB3: 2496 | CRC3: 2497 | CRD3: 2498 | CRE3: 2499 | CRF3: 2500 | CRG3: 2501 | CRH3: 2502 | CRI3: 2503 | CRJ3: 2504 | CRK3: 2505 | CRL3: 2506 | CRM3: 2507 | CRN3: 2508 | CRO3: 2509 | CRP3: 2510 | CRQ3: 2511 | CRR3: 2512 | CRS3: 2513 | CRT3: 2514 | CRU3: 2515 | CRV3: 2516 | CRW3: 2517 | CRX3: 2518 | CRY3: 2519 | CRZ3: 2520 | CSA3: 2521 | CSB3: 2522 | CSC3: 2523 | CSD3: 2524 | CSE3: 2525 | CSF3: 2526 | CSG3: 2527 | CSH3: 2528 | CSI3: 2529 | CSJ3: 2530 | CSK3: 2531 | CSL3: 2532 | CSM3: 2533 | CSN3: 2534 | CSO3: 2535 | CSP3: 2536 | CSQ3: 2537 | CSR3: 2538 | CSS3: 2539 | CST3: 2540 | CSU3: 2541 | CSV3: 2542 | CSW3: 2543 | CSX3: 2544 | CSY3: 2545 | CSZ3: 2546 | CTA3: 2547 | CTB3: 2548 | CTC3: 2549 | CTD3: 2550 | CTE3: 2551 | CTF3: 2552 | CTG3: 2553 | CTH3: 2554 | CTI3: 2555 | CTJ3: 2556 | CTK3: 2557 | CTL3: 2558 | CTM3: 2559 | CTN3: 2560 | CTO3: 2561 | CTP3: 2562 | CTQ3: 2563 | CTR3: 2564 | CTS3: 2565 | CTT3: 2566 | CTU3: 2567 | CTV3: 2568 | CTW3: 2569 | CTX3: 2570 | CTY3: 2571 | CTZ3: 2572 | CUA3: 2573 | CUB3: 2574 | CUC3: 2575 | CUD3: 2576 | CUE3: 2577 | CUF3: 2578 | CUG3: 2579 | CUH3: 2580 | CUI3: 2581 | CUJ3: 2582 | CUK3: 2583 | CUL3: 2584 | CUM3: 2585 | CUN3: 2586 | CUO3: 2587 | CUP3: 2588 | CUQ3: 2589 | CUR3: 2590 | CUS3: 2591 | CUT3: 2592 | CUU3: 2593 | CUV3: 2594 | CUW3: 2595 | CUX3: 2596 | CUY3: 2597 | CUZ3: 2598 | CVA3: 2599 | CVB3: 2600 | CVC3: 2601 | CVD3: 2602 | CVE3: 2603 | CVF3: 2604 | CVG3: 2605 | CVH3: 2606 | CVI3: 2607 | CVJ3: 2608 | CVK3: 2609 | CVL3: 2610 | CVM3: 2611 | CVN3: 2612 | CVO3: 2613 | CVP3: 2614 | CVQ3: 2615 | CVR3: 2616 | CVS3: 2617 | CVT3: 2618 | CVU3: 2619 | CVV3: 2620 | CVW3: 2621 | CVX3: 2622 | CVY3: 2623 | CVZ3: 2624 | CWA3: 2625 | CWB3: 2626 | CWC3: 2627 | CWD3: 2628 | CWE3: 2629 | CWF3: 2630 | CWG3: 2631 | CWH3: 2632 | CWI3: 2633 | CWJ3: 2634 | CWK3: 2635 | CWL3: 2636 | CWM3: 2637 | CWN3: 2638 | CWO3: 2639 | CWP3: 2640 | CWQ3: 2641 | CWR3: 2642 | CWS3: 2643 | CWT3: 2644 | CWU3: 2645 | CWV3: 2646 | CWW3: 2647 | CWX3: 2648 | CWY3: 2649 | CWZ3: 2650 | CXA3: 2651 | CXB3: 2652 | CXC3: 2653 | CXD3: 2654 | CXE3: 2655 | CXF3: 2656 | CXG3: 2657 | CXH3: 2658 | CXI3: 2659 | CXJ3: 2660 | CXK3: 2661 | CXL3: 2662 | CXM3: 2663 | CXN3: 2664 | CXO3: 2665 | CXP3: 2666 | CXQ3: 2667 | CXR3: 2668 | CXS3: 2669 | CXT3: 2670 | CXU3: 2671 | CXV3: 2672 | CXW3: 2673 | CXX3: 2674 | CXY3: 2675 | CXZ3: 2676 | CYA3: 2677 | CYB3: 2678 | CYC3: 2679 | CYD3: 2680 | CYE3: 2681 | CYF3: 2682 | CYG3: 2683 | CYH3: 2684 | CYI3: 2685 | CYJ3: 2686 | CYK3: 2687 | CYL3: 2688 | CYM3: 2689 | CYN3: 2690 | CYO3: 2691 | CYP3: 2692 | CYQ3: 2693 | CYR3: 2694 | CYS3: 2695 | CYT3: 2696 | CYU3: 2697 | CYV3: 2698 | CYW3: 2699 | CYX3: 2700 | CYY3: 2701 | CYZ3: 2702 | CZA3: 2703 | CZB3: 2704 | CZC3: 2705 | CZD3: 2706 | CZE3: 2707 | CZF3: 2708 | CZG3: 2709 | CZH3: 2710 | CZI3: 2711 | CZJ3: 2712 | CZK3: 2713 | CZL3: 2714 | CZM3: 2715 | CZN3: 2716 | CZO3: 2717 | CZP3: 2718 | CZQ3: 2719 | CZR3: 2720 | CZS3: 2721 | CZT3: 2722 | CZU3: 2723 | CZV3: 2724 | CZW3: 2725 | CZX3: 2726 | CZY3: 2727 | CZZ3: 2728 | DAA3: 2729 | DAB3: 2730 | DAC3: 2731 | DAD3: 2732 | DAE3: 2733 | DAF3: 2734 | DAG3: 2735 | DAH3: 2736 | DAI3: 2737 | DAJ3: 2738 | DAK3: 2739 | DAL3: 2740 | DAM3: 2741 | DAN3: 2742 | DAO3: 2743 | DAP3: 2744 | DAQ3: 2745 | DAR3: 2746 | DAS3: 2747 | DAT3: 2748 | DAU3: 2749 | DAV3: 2750 | DAW3: 2751 | DAX3: 2752 | DAY3: 2753 | DAZ3: 2754 | DBA3: 2755 | DBB3: 2756 | DBC3: 2757 | DBD3: 2758 | DBE3: 2759 | DBF3: 2760 | DBG3: 2761 | DBH3: 2762 | DBI3: 2763 | DBJ3: 2764 | DBK3: 2765 | DBL3: 2766 | DBM3: 2767 | DBN3: 2768 | DBO3: 2769 | DBP3: 2770 | DBQ3: 2771 | DBR3: 2772 | DBS3: 2773 | DBT3: 2774 | DBU3: 2775 | DBV3: 2776 | DBW3: 2777 | DBX3: 2778 | DBY3: 2779 | DBZ3: 2780 | DCA3: 2781 | DCB3: 2782 | DCC3: 2783 | DCD3: 2784 | DCE3: 2785 | DCF3: 2786 | DCG3: 2787 | DCH3: 2788 | DCI3: 2789 | DCJ3: 2790 | DCK3: 2791 | DCL3: 2792 | DCM3: 2793 | DCN3: 2794 | DCO3: 2795 | DCP3: 2796 | DCQ3: 2797 | DCR3: 2798 | DCS3: 2799 | DCT3: 2800 | DCU3: 2801 | DCV3: 2802 | DCW3: 2803 | DCX3: 2804 | DCY3: 2805 | DCZ3: 2806 | DDA3: 2807 | DDB3: 2808 | DDC3: 2809 | DDD3: 2810 | DDE3: 2811 | DDF3: 2812 | DDG3: 2813 | DDH3: 2814 | DDI3: 2815 | DDJ3: 2816 | DDK3: 2817 | DDL3: 2818 | DDM3: 2819 | DDN3: 2820 | DDO3: 2821 | DDP3: 2822 | DDQ3: 2823 | DDR3: 2824 | DDS3: 2825 | DDT3: 2826 | DDU3: 2827 | DDV3: 2828 | DDW3: 2829 | DDX3: 2830 | DDY3: 2831 | DDZ3: 2832 | DEA3: 2833 | DEB3: 2834 | DEC3: 2835 | DED3: 2836 | DEE3: 2837 | DEF3: 2838 | DEG3: 2839 | DEH3: 2840 | DEI3: 2841 | DEJ3: 2842 | DEK3: 2843 | DEL3: 2844 | DEM3: 2845 | DEN3: 2846 | DEO3: 2847 | DEP3: 2848 | DEQ3: 2849 | DER3: 2850 | DES3: 2851 | DET3: 2852 | DEU3: 2853 | DEV3: 2854 | DEW3: 2855 | DEX3: 2856 | DEY3: 2857 | DEZ3: 2858 | DFA3: 2859 | DFB3: 2860 | DFC3: 2861 | DFD3: 2862 | DFE3: 2863 | DFF3: 2864 | DFG3: 2865 | DFH3: 2866 | DFI3: 2867 | DFJ3: 2868 | DFK3: 2869 | DFL3: 2870 | DFM3: 2871 | DFN3: 2872 | DFO3: 2873 | DFP3: 2874 | DFQ3: 2875 | DFR3: 2876 | DFS3: 2877 | DFT3: 2878 | DFU3: 2879 | DFV3: 2880 | DFW3: 2881 | DFX3: 2882 | DFY3: 2883 | DFZ3: 2884 | DGA3: 2885 | DGB3: 2886 | DGC3: 2887 | DGD3: 2888 | DGE3: 2889 | DGF3: 2890 | DGG3: 2891 | DGH3: 2892 | DGI3: 2893 | DGJ3: 2894 | DGK3: 2895 | DGL3: 2896 | DGM3: 2897 | DGN3: 2898 | DGO3: 2899 | DGP3: 2900 | DGQ3: 2901 | DGR3: 2902 | DGS3: 2903 | DGT3: 2904 | DGU3: 2905 | DGV3: 2906 | DGW3: 2907 | DGX3: 2908 | DGY3: 2909 | DGZ3: 2910 | DHA3: 2911 | DHB3: 2912 | DHC3: 2913 | DHD3: 2914 | DHE3: 2915 | DHF3: 2916 | DHG3: 2917 | DHH3: 2918 | DHI3: 2919 | DHJ3: 2920 | DHK3: 2921 | DHL3: 2922 | DHM3: 2923 | DHN3: 2924 | DHO3: 2925 | DHP3: 2926 | DHQ3: 2927 | DHR3: 2928 | DHS3: 2929 | DHT3: 2930 | DHU3: 2931 | DHV3: 2932 | DHW3: 2933 | DHX3: 2934 | DHY3: 2935 | DHZ3: 2936 | DIA3: 2937 | DIB3: 2938 | DIC3: 2939 | DID3: 2940 | DIE3: 2941 | DIF3: 2942 | DIG3: 2943 | DIH3: 2944 | DII3: 2945 | DIJ3: 2946 | DIK3: 2947 | DIL3: 2948 | DIM3: 2949 | DIN3: 2950 | DIO3: 2951 | DIP3: 2952 | DIQ3: 2953 | DIR3: 2954 | DIS3: 2955 | DIT3: 2956 | DIU3: 2957 | DIV3: 2958 | DIW3: 2959 | DIX3: 2960 | DIY3: 2961 | DIZ3: 2962 | DJA3: 2963 | DJB3: 2964 | DJC3: 2965 | DJD3: 2966 | DJE3: 2967 | DJF3: 2968 | DJG3: 2969 | DJH3: 2970 | DJI3: 2971 | DJJ3: 2972 | DJK3: 2973 | DJL3: 2974 | DJM3: 2975 | DJN3: 2976 | DJO3: 2977 | DJP3: 2978 | DJQ3: 2979 | DJR3: 2980 | DJS3: 2981 | DJT3: 2982 | DJU3: 2983 | DJV3: 2984 | DJW3: 2985 | DJX3: 2986 | DJY3: 2987 | DJZ3: 2988 | DKA3: 2989 | DKB3: 2990 | DKC3: 2991 | DKD3: 2992 | DKE3: 2993 | DKF3: 2994 | DKG3: 2995 | DKH3: 2996 | DKI3: 2997 | DKJ3: 2998 | DKK3: 2999 | DKL3: 3000 | DKM3: 3001 | DKN3: 3002 | DKO3: 3003 | DKP3: 3004 | DKQ3: 3005 | DKR3: 3006 | DKS3: 3007 | DKT3: 3008 | DKU3: 3009 | DKV3: 3010 | DKW3: 3011 | DKX3: 3012 | DKY3: 3013 | DKZ3: 3014 | DLA3: 3015 | DLB3: 3016 | DLC3: 3017 | DLD3: 3018 | DLE3: 3019 | DLF3: 3020 | DLG3: 3021 | DLH3: 3022 | DLI3: 3023 | DLJ3: 3024 | DLK3: 3025 | DLL3: 3026 | DLM3: 3027 | DLN3: 3028 | DLO3: 3029 | DLP3: 3030 | DLQ3: 3031 | DLR3: 3032 | DLS3: 3033 | DLT3: 3034 | DLU3: 3035 | DLV3: 3036 | DLW3: 3037 | DLX3: 3038 | DLY3: 3039 | DLZ3: 3040 | DMA3: 3041 | DMB3: 3042 | DMC3: 3043 | DMD3: 3044 | DME3: 3045 | DMF3: 3046 | DMG3: 3047 | DMH3: 3048 | DMI3: 3049 | DMJ3: 3050 | DMK3: 3051 | DML3: 3052 | DMM3: 3053 | DMN3: 3054 | DMO3: 3055 | DMP3: 3056 | DMQ3: 3057 | DMR3: 3058 | DMS3: 3059 | DMT3: 3060 | DMU3: 3061 | DMV3: 3062 | DMW3: 3063 | DMX3: 3064 | DMY3: 3065 | DMZ3: 3066 | DNA3: 3067 | DNB3: 3068 | DNC3: 3069 | DND3: 3070 | DNE3: 3071 | DNF3: 3072 | DNG3: 3073 | DNH3: 3074 | DNI3: 3075 | DNJ3: 3076 | DNK3: 3077 | DNL3: 3078 | DNM3: 3079 | DNN3: 3080 | DNO3: 3081 | DNP3: 3082 | DNQ3: 3083 | DNR3: 3084 | DNS3: 3085 | DNT3: 3086 | DNU3: 3087 | DNV3: 3088 | DNW3: 3089 | DNX3: 3090 | DNY3: 3091 | DNZ3: 3092 | DOA3: 3093 | DOB3: 3094 | DOC3: 3095 | DOD3: 3096 | DOE3: 3097 | DOF3: 3098 | DOG3: 3099 | DOH3: 3100 | DOI3: 3101 | DOJ3: 3102 | DOK3: 3103 | DOL3: 3104 | DOM3: 3105 | DON3: 3106 | DOO3: 3107 | DOP3: 3108 | DOQ3: 3109 | DOR3: 3110 | DOS3: 3111 | DOT3: 3112 | DOU3: 3113 | DOV3: 3114 | DOW3: 3115 | DOX3: 3116 | DOY3: 3117 | DOZ3: 3118 | DPA3: 3119 | DPB3: 3120 | DPC3: 3121 | DPD3: 3122 | DPE3: 3123 | DPF3: 3124 | DPG3: 3125 | DPH3: 3126 | DPI3: 3127 | DPJ3: 3128 | DPK3: 3129 | DPL3: 3130 | DPM3: 3131 | DPN3: 3132 | DPO3: 3133 | DPP3: 3134 | DPQ3: 3135 | DPR3: 3136 | DPS3: 3137 | DPT3: 3138 | DPU3: 3139 | DPV3: 3140 | DPW3: 3141 | DPX3: 3142 | DPY3: 3143 | DPZ3: 3144 | DQA3: 3145 | DQB3: 3146 | DQC3: 3147 | DQD3: 3148 | DQE3: 3149 | DQF3: 3150 | DQG3: 3151 | DQH3: 3152 | DQI3: 3153 | DQJ3: 3154 | DQK3: 3155 | DQL3: 3156 | DQM3: 3157 | DQN3: 3158 | DQO3: 3159 | DQP3: 3160 | DQQ3: 3161 | DQR3: 3162 | DQS3: 3163 | DQT3: 3164 | DQU3: 3165 | DQV3: 3166 | DQW3: 3167 | DQX3: 3168 | DQY3: 3169 | DQZ3: 3170 | DRA3: 3171 | DRB3: 3172 | DRC3: 3173 | DRD3: 3174 | DRE3: 3175 | DRF3: 3176 | DRG3: 3177 | DRH3: 3178 | DRI3: 3179 | DRJ3: 3180 | DRK3: 3181 | DRL3: 3182 | DRM3: 3183 | DRN3: 3184 | DRO3: 3185 | DRP3: 3186 | DRQ3: 3187 | DRR3: 3188 | DRS3: 3189 | DRT3: 3190 | DRU3: 3191 | DRV3: 3192 | DRW3: 3193 | DRX3: 3194 | DRY3: 3195 | DRZ3: 3196 | DSA3: 3197 | DSB3: 3198 | DSC3: 3199 | DSD3: 3200 | DSE3: 3201 | DSF3: 3202 | DSG3: 3203 | DSH3: 3204 | DSI3: 3205 | DSJ3: 3206 | DSK3: 3207 | DSL3: 3208 | DSM3: 3209 | DSN3: 3210 | DSO3: 3211 | DSP3: 3212 | DSQ3: 3213 | DSR3: 3214 | DSS3: 3215 | DST3: 3216 | DSU3: 3217 | DSV3: 3218 | DSW3: 3219 | DSX3: 3220 | DSY3: 3221 | DSZ3: 3222 | DTA3: 3223 | DTB3: 3224 | DTC3: 3225 | DTD3: 3226 | DTE3: 3227 | DTF3: 3228 | DTG3: 3229 | DTH3: 3230 | DTI3: 3231 | DTJ3: 3232 | DTK3: 3233 | DTL3: 3234 | DTM3: 3235 | DTN3: 3236 | DTO3: 3237 | DTP3: 3238 | DTQ3: 3239 | DTR3: 3240 | DTS3: 3241 | DTT3: 3242 | DTU3: 3243 | DTV3: 3244 | DTW3: 3245 | DTX3: 3246 | DTY3: 3247 | DTZ3: 3248 | DUA3: 3249 | DUB3: 3250 | DUC3: 3251 | DUD3: 3252 | DUE3: 3253 | DUF3: 3254 | DUG3: 3255 | DUH3: 3256 | DUI3: 3257 | DUJ3: 3258 | DUK3: 3259 | DUL3: 3260 | DUM3: 3261 | DUN3: 3262 | DUO3: 3263 | DUP3: 3264 | DUQ3: 3265 | DUR3: 3266 | DUS3: 3267 | DUT3: 3268 | DUU3: 3269 | DUV3: 3270 | DUW3: 3271 | DUX3: 3272 | DUY3: 3273 | DUZ3: 3274 | DVA3: 3275 | DVB3: 3276 | DVC3: 3277 | DVD3: 3278 | DVE3: 3279 | DVF3: 3280 | DVG3: 3281 | DVH3: 3282 | DVI3: 3283 | DVJ3: 3284 | DVK3: 3285 | DVL3: 3286 | DVM3: 3287 | DVN3: 3288 | DVO3: 3289 | DVP3: 3290 | DVQ3: 3291 | DVR3: 3292 | DVS3: 3293 | DVT3: 3294 | DVU3: 3295 | DVV3: 3296 | DVW3: 3297 | DVX3: 3298 | DVY3: 3299 | DVZ3: 3300 | DWA3: 3301 | DWB3: 3302 | DWC3: 3303 | DWD3: 3304 | DWE3: 3305 | DWF3: 3306 | DWG3: 3307 | DWH3: 3308 | DWI3: 3309 | DWJ3: 3310 | DWK3: 3311 | DWL3: 3312 | DWM3: 3313 | DWN3: 3314 | DWO3: 3315 | DWP3: 3316 | DWQ3: 3317 | DWR3: 3318 | DWS3: 3319 | DWT3: 3320 | DWU3: 3321 | DWV3: 3322 | DWW3: 3323 | DWX3: 3324 | DWY3: 3325 | DWZ3: 3326 | DXA3: 3327 | DXB3: 3328 | DXC3: 3329 | DXD3: 3330 | DXE3: 3331 | DXF3: 3332 | DXG3: 3333 | DXH3: 3334 | DXI3: 3335 | DXJ3: 3336 | DXK3: 3337 | DXL3: 3338 | DXM3: 3339 | DXN3: 3340 | DXO3: 3341 | DXP3: 3342 | DXQ3: 3343 | DXR3: 3344 | DXS3: 3345 | DXT3: 3346 | DXU3: 3347 | DXV3: 3348 | DXW3: 3349 | DXX3: 3350 | DXY3: 3351 | DXZ3: 3352 | DYA3: 3353 | DYB3: 3354 | DYC3: 3355 | DYD3: 3356 | DYE3: 3357 | DYF3: 3358 | DYG3: 3359 | DYH3: 3360 | DYI3: 3361 | DYJ3: 3362 | DYK3: 3363 | DYL3: 3364 | DYM3: 3365 | DYN3: 3366 | DYO3: 3367 | DYP3: 3368 | DYQ3: 3369 | DYR3: 3370 | DYS3: 3371 | DYT3: 3372 | DYU3: 3373 | DYV3: 3374 | DYW3: 3375 | DYX3: 3376 | DYY3: 3377 | DYZ3: 3378 | DZA3: 3379 | DZB3: 3380 | DZC3: 3381 | DZD3: 3382 | DZE3: 3383 | DZF3: 3384 | DZG3: 3385 | DZH3: 3386 | DZI3: 3387 | DZJ3: 3388 | DZK3: 3389 | DZL3: 3390 | DZM3: 3391 | DZN3: 3392 | DZO3: 3393 | DZP3: 3394 | DZQ3: 3395 | DZR3: 3396 | DZS3: 3397 | DZT3: 3398 | DZU3: 3399 | DZV3: 3400 | DZW3: 3401 | DZX3: 3402 | DZY3: 3403 | DZZ3: 3404 | EAA3: 3405 | EAB3: 3406 | EAC3: 3407 | EAD3: 3408 | EAE3: 3409 | EAF3: 3410 | EAG3: 3411 | EAH3: 3412 | EAI3: 3413 | EAJ3: 3414 | EAK3: 3415 | EAL3: 3416 | EAM3: 3417 | EAN3: 3418 | EAO3: 3419 | EAP3: 3420 | EAQ3: 3421 | EAR3: 3422 | EAS3: 3423 | EAT3: 3424 | EAU3: 3425 | EAV3: 3426 | EAW3: 3427 | EAX3: 3428 | EAY3: 3429 | EAZ3: 3430 | EBA3: 3431 | EBB3: 3432 | EBC3: 3433 | EBD3: 3434 | EBE3: 3435 | EBF3: 3436 | EBG3: 3437 | EBH3: 3438 | EBI3: 3439 | EBJ3: 3440 | EBK3: 3441 | EBL3: 3442 | EBM3: 3443 | EBN3: 3444 | EBO3: 3445 | EBP3: 3446 | EBQ3: 3447 | EBR3: 3448 | EBS3: 3449 | EBT3: 3450 | EBU3: 3451 | EBV3: 3452 | EBW3: 3453 | EBX3: 3454 | EBY3: 3455 | EBZ3: 3456 | ECA3: 3457 | ECB3: 3458 | ECC3: 3459 | ECD3: 3460 | ECE3: 3461 | ECF3: 3462 | ECG3: 3463 | ECH3: 3464 | ECI3: 3465 | ECJ3: 3466 | ECK3: 3467 | ECL3: 3468 | ECM3: 3469 | ECN3: 3470 | ECO3: 3471 | ECP3: 3472 | ECQ3: 3473 | ECR3: 3474 | ECS3: 3475 | ECT3: 3476 | ECU3: 3477 | ECV3: 3478 | ECW3: 3479 | ECX3: 3480 | ECY3: 3481 | ECZ3: 3482 | EDA3: 3483 | EDB3: 3484 | EDC3: 3485 | EDD3: 3486 | EDE3: 3487 | EDF3: 3488 | EDG3: 3489 | EDH3: 3490 | EDI3: 3491 | EDJ3: 3492 | EDK3: 3493 | EDL3: 3494 | EDM3: 3495 | EDN3: 3496 | EDO3: 3497 | EDP3: 3498 | EDQ3: 3499 | EDR3: 3500 | EDS3: 3501 | EDT3: 3502 | EDU3: 3503 | EDV3: 3504 | EDW3: 3505 | EDX3: 3506 | EDY3: 3507 | EDZ3: 3508 | EEA3: 3509 | EEB3: 3510 | EEC3: 3511 | EED3: 3512 | EEE3: 3513 | EEF3: 3514 | EEG3: 3515 | EEH3: 3516 | EEI3: 3517 | EEJ3: 3518 | EEK3: 3519 | EEL3: 3520 | EEM3: 3521 | EEN3: 3522 | EEO3: 3523 | EEP3: 3524 | EEQ3: 3525 | EER3: 3526 | EES3: 3527 | EET3: 3528 | EEU3: 3529 | EEV3: 3530 | EEW3: 3531 | EEX3: 3532 | EEY3: 3533 | EEZ3: 3534 | EFA3: 3535 | EFB3: 3536 | EFC3: 3537 | EFD3: 3538 | EFE3: 3539 | EFF3: 3540 | EFG3: 3541 | EFH3: 3542 | EFI3: 3543 | EFJ3: 3544 | EFK3: 3545 | EFL3: 3546 | EFM3: 3547 | EFN3: 3548 | EFO3: 3549 | EFP3: 3550 | EFQ3: 3551 | EFR3: 3552 | EFS3: 3553 | EFT3: 3554 | EFU3: 3555 | EFV3: 3556 | EFW3: 3557 | EFX3: 3558 | EFY3: 3559 | EFZ3: 3560 | EGA3: 3561 | EGB3: 3562 | EGC3: 3563 | EGD3: 3564 | EGE3: 3565 | EGF3: 3566 | EGG3: 3567 | EGH3: 3568 | EGI3: 3569 | EGJ3: 3570 | EGK3: 3571 | EGL3: 3572 | EGM3: 3573 | EGN3: 3574 | EGO3: 3575 | EGP3: 3576 | EGQ3: 3577 | EGR3: 3578 | EGS3: 3579 | EGT3: 3580 | EGU3: 3581 | EGV3: 3582 | EGW3: 3583 | EGX3: 3584 | EGY3: 3585 | EGZ3: 3586 | EHA3: 3587 | EHB3: 3588 | EHC3: 3589 | EHD3: 3590 | EHE3: 3591 | EHF3: 3592 | EHG3: 3593 | EHH3: 3594 | EHI3: 3595 | EHJ3: 3596 | EHK3: 3597 | EHL3: 3598 | EHM3: 3599 | EHN3: 3600 | EHO3: 3601 | EHP3: 3602 | EHQ3: 3603 | EHR3: 3604 | EHS3: 3605 | EHT3: 3606 | EHU3: 3607 | EHV3: 3608 | EHW3: 3609 | EHX3: 3610 | EHY3: 3611 | EHZ3: 3612 | EIA3: 3613 | EIB3: 3614 | EIC3: 3615 | EID3: 3616 | EIE3: 3617 | EIF3: 3618 | EIG3: 3619 | EIH3: 3620 | EII3: 3621 | EIJ3: 3622 | EIK3: 3623 | EIL3: 3624 | EIM3: 3625 | EIN3: 3626 | EIO3: 3627 | EIP3: 3628 | EIQ3: 3629 | EIR3: 3630 | EIS3: 3631 | EIT3: 3632 | EIU3: 3633 | EIV3: 3634 | EIW3: 3635 | EIX3: 3636 | EIY3: 3637 | EIZ3: 3638 | EJA3: 3639 | EJB3: 3640 | EJC3: 3641 | EJD3: 3642 | EJE3: 3643 | EJF3: 3644 | EJG3: 3645 | EJH3: 3646 | EJI3: 3647 | EJJ3: 3648 | EJK3: 3649 | EJL3: 3650 | EJM3: 3651 | EJN3: 3652 | EJO3: 3653 | EJP3: 3654 | EJQ3: 3655 | EJR3: 3656 | EJS3: 3657 | EJT3: 3658 | EJU3: 3659 | EJV3: 3660 | EJW3: 3661 | EJX3: 3662 | EJY3: 3663 | EJZ3: 3664 | EKA3: 3665 | EKB3: 3666 | EKC3: 3667 | EKD3: 3668 | EKE3: 3669 | EKF3: 3670 | EKG3: 3671 | EKH3: 3672 | EKI3: 3673 | EKJ3: 3674 | EKK3: 3675 | EKL3: 3676 | EKM3: 3677 | EKN3: 3678 | EKO3: 3679 | EKP3: 3680 | EKQ3: 3681 | EKR3: 3682 | EKS3: 3683 | EKT3: 3684 | EKU3: 3685 | EKV3: 3686 | EKW3: 3687 | EKX3: 3688 | EKY3: 3689 | EKZ3: 3690 | ELA3: 3691 | ELB3: 3692 | ELC3: 3693 | ELD3: 3694 | ELE3: 3695 | ELF3: 3696 | ELG3: 3697 | ELH3: 3698 | ELI3: 3699 | ELJ3: 3700 | ELK3: 3701 | ELL3: 3702 | ELM3: 3703 | ELN3: 3704 | ELO3: 3705 | ELP3: 3706 | ELQ3: 3707 | ELR3: 3708 | ELS3: 3709 | ELT3: 3710 | ELU3: 3711 | ELV3: 3712 | ELW3: 3713 | ELX3: 3714 | ELY3: 3715 | ELZ3: 3716 | EMA3: 3717 | EMB3: 3718 | EMC3: 3719 | EMD3: 3720 | EME3: 3721 | EMF3: 3722 | EMG3: 3723 | EMH3: 3724 | EMI3: 3725 | EMJ3: 3726 | EMK3: 3727 | EML3: 3728 | EMM3: 3729 | EMN3: 3730 | EMO3: 3731 | EMP3: 3732 | EMQ3: 3733 | EMR3: 3734 | EMS3: 3735 | EMT3: 3736 | EMU3: 3737 | EMV3: 3738 | EMW3: 3739 | EMX3: 3740 | EMY3: 3741 | EMZ3: 3742 | ENA3: 3743 | ENB3: 3744 | ENC3: 3745 | END3: 3746 | ENE3: 3747 | ENF3: 3748 | ENG3: 3749 | ENH3: 3750 | ENI3: 3751 | ENJ3: 3752 | ENK3: 3753 | ENL3: 3754 | ENM3: 3755 | ENN3: 3756 | ENO3: 3757 | ENP3: 3758 | ENQ3: 3759 | ENR3: 3760 | ENS3: 3761 | ENT3: 3762 | ENU3: 3763 | ENV3: 3764 | ENW3: 3765 | ENX3: 3766 | ENY3: 3767 | ENZ3: 3768 | EOA3: 3769 | EOB3: 3770 | EOC3: 3771 | EOD3: 3772 | EOE3: 3773 | EOF3: 3774 | EOG3: 3775 | EOH3: 3776 | EOI3: 3777 | EOJ3: 3778 | EOK3: 3779 | EOL3: 3780 | EOM3: 3781 | EON3: 3782 | EOO3: 3783 | EOP3: 3784 | EOQ3: 3785 | EOR3: 3786 | EOS3: 3787 | EOT3: 3788 | EOU3: 3789 | EOV3: 3790 | EOW3: 3791 | EOX3: 3792 | EOY3: 3793 | EOZ3: 3794 | EPA3: 3795 | EPB3: 3796 | EPC3: 3797 | EPD3: 3798 | EPE3: 3799 | EPF3: 3800 | EPG3: 3801 | EPH3: 3802 | EPI3: 3803 | EPJ3: 3804 | EPK3: 3805 | EPL3: 3806 | EPM3: 3807 | EPN3: 3808 | EPO3: 3809 | EPP3: 3810 | EPQ3: 3811 | EPR3: 3812 | EPS3: 3813 | EPT3: 3814 | EPU3: 3815 | EPV3: 3816 | EPW3: 3817 | EPX3: 3818 | EPY3: 3819 | EPZ3: 3820 | EQA3: 3821 | EQB3: 3822 | EQC3: 3823 | EQD3: 3824 | EQE3: 3825 | EQF3: 3826 | EQG3: 3827 | EQH3: 3828 | EQI3: 3829 | EQJ3: 3830 | EQK3: 3831 | EQL3: 3832 | EQM3: 3833 | EQN3: 3834 | EQO3: 3835 | EQP3: 3836 | EQQ3: 3837 | EQR3: 3838 | EQS3: 3839 | EQT3: 3840 | EQU3: 3841 | EQV3: 3842 | EQW3: 3843 | EQX3: 3844 | EQY3: 3845 | EQZ3: 3846 | ERA3: 3847 | ERB3: 3848 | ERC3: 3849 | ERD3: 3850 | ERE3: 3851 | ERF3: 3852 | ERG3: 3853 | ERH3: 3854 | ERI3: 3855 | ERJ3: 3856 | ERK3: 3857 | ERL3: 3858 | ERM3: 3859 | ERN3: 3860 | ERO3: 3861 | ERP3: 3862 | ERQ3: 3863 | ERR3: 3864 | ERS3: 3865 | ERT3: 3866 | ERU3: 3867 | ERV3: 3868 | ERW3: 3869 | ERX3: 3870 | ERY3: 3871 | ERZ3: 3872 | ESA3: 3873 | ESB3: 3874 | ESC3: 3875 | ESD3: 3876 | ESE3: 3877 | ESF3: 3878 | ESG3: 3879 | ESH3: 3880 | ESI3: 3881 | ESJ3: 3882 | ESK3: 3883 | ESL3: 3884 | ESM3: 3885 | ESN3: 3886 | ESO3: 3887 | ESP3: 3888 | ESQ3: 3889 | ESR3: 3890 | ESS3: 3891 | EST3: 3892 | ESU3: 3893 | ESV3: 3894 | ESW3: 3895 | ESX3: 3896 | ESY3: 3897 | ESZ3: 3898 | ETA3: 3899 | ETB3: 3900 | ETC3: 3901 | ETD3: 3902 | ETE3: 3903 | ETF3: 3904 | ETG3: 3905 | ETH3: 3906 | ETI3: 3907 | ETJ3: 3908 | ETK3: 3909 | ETL3: 3910 | ETM3: 3911 | ETN3: 3912 | ETO3: 3913 | ETP3: 3914 | ETQ3: 3915 | ETR3: 3916 | ETS3: 3917 | ETT3: 3918 | ETU3: 3919 | ETV3: 3920 | ETW3: 3921 | ETX3: 3922 | ETY3: 3923 | ETZ3: 3924 | EUA3: 3925 | EUB3: 3926 | EUC3: 3927 | EUD3: 3928 | EUE3: 3929 | EUF3: 3930 | EUG3: 3931 | EUH3: 3932 | EUI3: 3933 | EUJ3: 3934 | EUK3: 3935 | EUL3: 3936 | EUM3: 3937 | EUN3: 3938 | EUO3: 3939 | EUP3: 3940 | EUQ3: 3941 | EUR3: 3942 | EUS3: 3943 | EUT3: 3944 | EUU3: 3945 | EUV3: 3946 | EUW3: 3947 | EUX3: 3948 | EUY3: 3949 | EUZ3: 3950 | EVA3: 3951 | EVB3: 3952 | EVC3: 3953 | EVD3: 3954 | EVE3: 3955 | EVF3: 3956 | EVG3: 3957 | EVH3: 3958 | EVI3: 3959 | EVJ3: 3960 | EVK3: 3961 | EVL3: 3962 | EVM3: 3963 | EVN3: 3964 | EVO3: 3965 | EVP3: 3966 | EVQ3: 3967 | EVR3: 3968 | EVS3: 3969 | EVT3: 3970 | EVU3: 3971 | EVV3: 3972 | EVW3: 3973 | EVX3: 3974 | EVY3: 3975 | EVZ3: 3976 | EWA3: 3977 | EWB3: 3978 | EWC3: 3979 | EWD3: 3980 | EWE3: 3981 | EWF3: 3982 | EWG3: 3983 | EWH3: 3984 | EWI3: 3985 | EWJ3: 3986 | EWK3: 3987 | EWL3: 3988 | EWM3: 3989 | EWN3: 3990 | EWO3: 3991 | EWP3: 3992 | EWQ3: 3993 | EWR3: 3994 | EWS3: 3995 | EWT3: 3996 | EWU3: 3997 | EWV3: 3998 | EWW3: 3999 | EWX3: 4000 | EWY3: 4001 | EWZ3: 4002 | EXA3: 4003 | EXB3: 4004 | EXC3: 4005 | EXD3: 4006 | EXE3: 4007 | EXF3: 4008 | EXG3: 4009 | EXH3: 4010 | EXI3: 4011 | EXJ3: 4012 | EXK3: 4013 | EXL3: 4014 | EXM3: 4015 | EXN3: 4016 | EXO3: 4017 | EXP3: 4018 | EXQ3: 4019 | EXR3: 4020 | EXS3: 4021 | EXT3: 4022 | EXU3: 4023 | EXV3: 4024 | EXW3: 4025 | EXX3: 4026 | EXY3: 4027 | EXZ3: 4028 | EYA3: 4029 | EYB3: 4030 | EYC3: 4031 | EYD3: 4032 | EYE3: 4033 | EYF3: 4034 | EYG3: 4035 | EYH3: 4036 | EYI3: 4037 | EYJ3: 4038 | EYK3: 4039 | EYL3: 4040 | EYM3: 4041 | EYN3: 4042 | EYO3: 4043 | EYP3: 4044 | EYQ3: 4045 | EYR3: 4046 | EYS3: 4047 | EYT3: 4048 | EYU3: 4049 | EYV3: 4050 | EYW3: 4051 | EYX3: 4052 | EYY3: 4053 | EYZ3: 4054 | EZA3: 4055 | EZB3: 4056 | EZC3: 4057 | EZD3: 4058 | EZE3: 4059 | EZF3: 4060 | EZG3: 4061 | EZH3: 4062 | EZI3: 4063 | EZJ3: 4064 | EZK3: 4065 | EZL3: 4066 | EZM3: 4067 | EZN3: 4068 | EZO3: 4069 | EZP3: 4070 | EZQ3: 4071 | EZR3: 4072 | EZS3: 4073 | EZT3: 4074 | EZU3: 4075 | EZV3: 4076 | EZW3: 4077 | EZX3: 4078 | EZY3: 4079 | EZZ3: 4080 | FAA3: 4081 | FAB3: 4082 | FAC3: 4083 | FAD3: 4084 | FAE3: 4085 | FAF3: 4086 | FAG3: 4087 | FAH3: 4088 | FAI3: 4089 | FAJ3: 4090 | FAK3: 4091 | FAL3: 4092 | FAM3: 4093 | FAN3: 4094 | FAO3: 4095 | FAP3: 4096 | FAQ3: 4097 | FAR3: 4098 | FAS3: 4099 | FAT3: 4100 | FAU3: 4101 | FAV3: 4102 | FAW3: 4103 | FAX3: 4104 | FAY3: 4105 | FAZ3: 4106 | FBA3: 4107 | FBB3: 4108 | FBC3: 4109 | FBD3: 4110 | FBE3: 4111 | FBF3: 4112 | FBG3: 4113 | FBH3: 4114 | FBI3: 4115 | FBJ3: 4116 | FBK3: 4117 | FBL3: 4118 | FBM3: 4119 | FBN3: 4120 | FBO3: 4121 | FBP3: 4122 | FBQ3: 4123 | FBR3: 4124 | FBS3: 4125 | FBT3: 4126 | FBU3: 4127 | FBV3: 4128 | FBW3: 4129 | FBX3: 4130 | FBY3: 4131 | FBZ3: 4132 | FCA3: 4133 | FCB3: 4134 | FCC3: 4135 | FCD3: 4136 | FCE3: 4137 | FCF3: 4138 | FCG3: 4139 | FCH3: 4140 | FCI3: 4141 | FCJ3: 4142 | FCK3: 4143 | FCL3: 4144 | FCM3: 4145 | FCN3: 4146 | FCO3: 4147 | FCP3: 4148 | FCQ3: 4149 | FCR3: 4150 | FCS3: 4151 | FCT3: 4152 | FCU3: 4153 | FCV3: 4154 | FCW3: 4155 | FCX3: 4156 | FCY3: 4157 | FCZ3: 4158 | FDA3: 4159 | FDB3: 4160 | FDC3: 4161 | FDD3: 4162 | FDE3: 4163 | FDF3: 4164 | FDG3: 4165 | FDH3: 4166 | FDI3: 4167 | FDJ3: 4168 | FDK3: 4169 | FDL3: 4170 | FDM3: 4171 | FDN3: 4172 | FDO3: 4173 | FDP3: 4174 | FDQ3: 4175 | FDR3: 4176 | FDS3: 4177 | FDT3: 4178 | FDU3: 4179 | FDV3: 4180 | FDW3: 4181 | FDX3: 4182 | FDY3: 4183 | FDZ3: 4184 | FEA3: 4185 | FEB3: 4186 | FEC3: 4187 | FED3: 4188 | FEE3: 4189 | FEF3: 4190 | FEG3: 4191 | FEH3: 4192 | FEI3: 4193 | FEJ3: 4194 | FEK3: 4195 | FEL3: 4196 | FEM3: 4197 | FEN3: 4198 | FEO3: 4199 | FEP3: 4200 | FEQ3: 4201 | FER3: 4202 | FES3: 4203 | FET3: 4204 | FEU3: 4205 | FEV3: 4206 | FEW3: 4207 | FEX3: 4208 | FEY3: 4209 | FEZ3: 4210 | FFA3: 4211 | FFB3: 4212 | FFC3: 4213 | FFD3: 4214 | FFE3: 4215 | FFF3: 4216 | FFG3: 4217 | FFH3: 4218 | FFI3: 4219 | FFJ3: 4220 | FFK3: 4221 | FFL3: 4222 | FFM3: 4223 | FFN3: 4224 | FFO3: 4225 | FFP3: 4226 | FFQ3: 4227 | FFR3: 4228 | FFS3: 4229 | FFT3: 4230 | FFU3: 4231 | FFV3: 4232 | FFW3: 4233 | FFX3: 4234 | FFY3: 4235 | FFZ3: 4236 | FGA3: 4237 | FGB3: 4238 | FGC3: 4239 | FGD3: 4240 | FGE3: 4241 | FGF3: 4242 | FGG3: 4243 | FGH3: 4244 | FGI3: 4245 | FGJ3: 4246 | FGK3: 4247 | FGL3: 4248 | FGM3: 4249 | FGN3: 4250 | FGO3: 4251 | FGP3: 4252 | FGQ3: 4253 | FGR3: 4254 | FGS3: 4255 | FGT3: 4256 | FGU3: 4257 | FGV3: 4258 | FGW3: 4259 | FGX3: 4260 | FGY3: 4261 | FGZ3: 4262 | FHA3: 4263 | FHB3: 4264 | FHC3: 4265 | FHD3: 4266 | FHE3: 4267 | FHF3: 4268 | FHG3: 4269 | FHH3: 4270 | FHI3: 4271 | FHJ3: 4272 | FHK3: 4273 | FHL3: 4274 | FHM3: 4275 | FHN3: 4276 | FHO3: 4277 | FHP3: 4278 | FHQ3: 4279 | FHR3: 4280 | FHS3: 4281 | FHT3: 4282 | FHU3: 4283 | FHV3: 4284 | FHW3: 4285 | FHX3: 4286 | FHY3: 4287 | FHZ3: 4288 | FIA3: 4289 | FIB3: 4290 | FIC3: 4291 | FID3: 4292 | FIE3: 4293 | FIF3: 4294 | FIG3: 4295 | FIH3: 4296 | FII3: 4297 | FIJ3: 4298 | FIK3: 4299 | FIL3: 4300 | FIM3: 4301 | FIN3: 4302 | FIO3: 4303 | FIP3: 4304 | FIQ3: 4305 | FIR3: 4306 | FIS3: 4307 | FIT3: 4308 | FIU3: 4309 | FIV3: 4310 | FIW3: 4311 | FIX3: 4312 | FIY3: 4313 | FIZ3: 4314 | FJA3: 4315 | FJB3: 4316 | FJC3: 4317 | FJD3: 4318 | FJE3: 4319 | FJF3: 4320 | FJG3: 4321 | FJH3: 4322 | FJI3: 4323 | FJJ3: 4324 | FJK3: 4325 | FJL3: 4326 | FJM3: 4327 | FJN3: 4328 | FJO3: 4329 | FJP3: 4330 | FJQ3: 4331 | FJR3: 4332 | FJS3: 4333 | FJT3: 4334 | FJU3: 4335 | FJV3: 4336 | FJW3: 4337 | FJX3: 4338 | FJY3: 4339 | FJZ3: 4340 | FKA3: 4341 | FKB3: 4342 | FKC3: 4343 | FKD3: 4344 | FKE3: 4345 | FKF3: 4346 | FKG3: 4347 | FKH3: 4348 | FKI3: 4349 | FKJ3: 4350 | FKK3: 4351 | FKL3: 4352 | FKM3: 4353 | FKN3: 4354 | FKO3: 4355 | FKP3: 4356 | FKQ3: 4357 | FKR3: 4358 | FKS3: 4359 | FKT3: 4360 | FKU3: 4361 | FKV3: 4362 | FKW3: 4363 | FKX3: 4364 | FKY3: 4365 | FKZ3: 4366 | FLA3: 4367 | FLB3: 4368 | FLC3: 4369 | FLD3: 4370 | FLE3: 4371 | FLF3: 4372 | FLG3: 4373 | FLH3: 4374 | FLI3: 4375 | FLJ3: 4376 | FLK3: 4377 | FLL3: 4378 | FLM3: 4379 | FLN3: 4380 | FLO3: 4381 | FLP3: 4382 | FLQ3: 4383 | FLR3: 4384 | FLS3: 4385 | FLT3: 4386 | FLU3: 4387 | FLV3: 4388 | FLW3: 4389 | FLX3: 4390 | FLY3: 4391 | FLZ3: 4392 | FMA3: 4393 | FMB3: 4394 | FMC3: 4395 | FMD3: 4396 | FME3: 4397 | FMF3: 4398 | FMG3: 4399 | FMH3: 4400 | FMI3: 4401 | FMJ3: 4402 | FMK3: 4403 | FML3: 4404 | FMM3: 4405 | FMN3: 4406 | FMO3: 4407 | FMP3: 4408 | FMQ3: 4409 | FMR3: 4410 | FMS3: 4411 | FMT3: 4412 | FMU3: 4413 | FMV3: 4414 | FMW3: 4415 | FMX3: 4416 | FMY3: 4417 | FMZ3: 4418 | FNA3: 4419 | FNB3: 4420 | FNC3: 4421 | FND3: 4422 | FNE3: 4423 | FNF3: 4424 | FNG3: 4425 | FNH3: 4426 | FNI3: 4427 | FNJ3: 4428 | FNK3: 4429 | FNL3: 4430 | FNM3: 4431 | FNN3: 4432 | FNO3: 4433 | FNP3: 4434 | FNQ3: 4435 | FNR3: 4436 | FNS3: 4437 | FNT3: 4438 | FNU3: 4439 | FNV3: 4440 | FNW3: 4441 | FNX3: 4442 | FNY3: 4443 | FNZ3: 4444 | FOA3: 4445 | FOB3: 4446 | FOC3: 4447 | FOD3: 4448 | FOE3: 4449 | FOF3: 4450 | FOG3: 4451 | FOH3: 4452 | FOI3: 4453 | FOJ3: 4454 | FOK3: 4455 | FOL3: 4456 | FOM3: 4457 | FON3: 4458 | FOO3: 4459 | FOP3: 4460 | FOQ3: 4461 | FOR3: 4462 | FOS3: 4463 | FOT3: 4464 | FOU3: 4465 | FOV3: 4466 | FOW3: 4467 | FOX3: 4468 | FOY3: 4469 | FOZ3: 4470 | FPA3: 4471 | FPB3: 4472 | FPC3: 4473 | FPD3: 4474 | FPE3: 4475 | FPF3: 4476 | FPG3: 4477 | FPH3: 4478 | FPI3: 4479 | FPJ3: 4480 | FPK3: 4481 | FPL3: 4482 | FPM3: 4483 | FPN3: 4484 | FPO3: 4485 | FPP3: 4486 | FPQ3: 4487 | FPR3: 4488 | FPS3: 4489 | FPT3: 4490 | FPU3: 4491 | FPV3: 4492 | FPW3: 4493 | FPX3: 4494 | FPY3: 4495 | FPZ3: 4496 | FQA3: 4497 | FQB3: 4498 | FQC3: 4499 | FQD3: 4500 | FQE3: 4501 | FQF3: 4502 | FQG3: 4503 | FQH3: 4504 | FQI3: 4505 | FQJ3: 4506 | FQK3: 4507 | FQL3: 4508 | FQM3: 4509 | FQN3: 4510 | FQO3: 4511 | FQP3: 4512 | FQQ3: 4513 | FQR3: 4514 | FQS3: 4515 | FQT3: 4516 | FQU3: 4517 | FQV3: 4518 | FQW3: 4519 | FQX3: 4520 | FQY3: 4521 | FQZ3: 4522 | FRA3: 4523 | FRB3: 4524 | FRC3: 4525 | FRD3: 4526 | FRE3: 4527 | FRF3: 4528 | FRG3: 4529 | FRH3: 4530 | FRI3: 4531 | FRJ3: 4532 | FRK3: 4533 | FRL3: 4534 | FRM3: 4535 | FRN3: 4536 | FRO3: 4537 | FRP3: 4538 | FRQ3: 4539 | FRR3: 4540 | FRS3: 4541 | FRT3: 4542 | FRU3: 4543 | FRV3: 4544 | FRW3: 4545 | FRX3: 4546 | FRY3: 4547 | FRZ3: 4548 | FSA3: 4549 | FSB3: 4550 | FSC3: 4551 | FSD3: 4552 | FSE3: 4553 | FSF3: 4554 | FSG3: 4555 | FSH3: 4556 | FSI3: 4557 | FSJ3: 4558 | FSK3: 4559 | FSL3: 4560 | FSM3: 4561 | FSN3: 4562 | FSO3: 4563 | FSP3: 4564 | FSQ3: 4565 | FSR3: 4566 | FSS3: 4567 | FST3: 4568 | FSU3: 4569 | FSV3: 4570 | FSW3: 4571 | FSX3: 4572 | FSY3: 4573 | FSZ3: 4574 | FTA3: 4575 | FTB3: 4576 | FTC3: 4577 | FTD3: 4578 | FTE3: 4579 | FTF3: 4580 | FTG3: 4581 | FTH3: 4582 | FTI3: 4583 | FTJ3: 4584 | FTK3: 4585 | FTL3: 4586 | FTM3: 4587 | FTN3: 4588 | FTO3: 4589 | FTP3: 4590 | FTQ3: 4591 | FTR3: 4592 | FTS3: 4593 | FTT3: 4594 | FTU3: 4595 | FTV3: 4596 | FTW3: 4597 | FTX3: 4598 | FTY3: 4599 | FTZ3: 4600 | FUA3: 4601 | FUB3: 4602 | FUC3: 4603 | FUD3: 4604 | FUE3: 4605 | FUF3: 4606 | FUG3: 4607 | FUH3: 4608 | FUI3: 4609 | FUJ3: 4610 | FUK3: 4611 | FUL3: 4612 | FUM3: 4613 | FUN3: 4614 | FUO3: 4615 | FUP3: 4616 | FUQ3: 4617 | FUR3: 4618 | FUS3: 4619 | FUT3: 4620 | FUU3: 4621 | FUV3: 4622 | FUW3: 4623 | FUX3: 4624 | FUY3: 4625 | FUZ3: 4626 | FVA3: 4627 | FVB3: 4628 | FVC3: 4629 | FVD3: 4630 | FVE3: 4631 | FVF3: 4632 | FVG3: 4633 | FVH3: 4634 | FVI3: 4635 | FVJ3: 4636 | FVK3: 4637 | FVL3: 4638 | FVM3: 4639 | FVN3: 4640 | FVO3: 4641 | FVP3: 4642 | FVQ3: 4643 | FVR3: 4644 | FVS3: 4645 | FVT3: 4646 | FVU3: 4647 | FVV3: 4648 | FVW3: 4649 | FVX3: 4650 | FVY3: 4651 | FVZ3: 4652 | FWA3: 4653 | FWB3: 4654 | FWC3: 4655 | FWD3: 4656 | FWE3: 4657 | FWF3: 4658 | FWG3: 4659 | FWH3: 4660 | FWI3: 4661 | FWJ3: 4662 | FWK3: 4663 | FWL3: 4664 | FWM3: 4665 | FWN3: 4666 | FWO3: 4667 | FWP3: 4668 | FWQ3: 4669 | FWR3: 4670 | FWS3: 4671 | FWT3: 4672 | FWU3: 4673 | FWV3: 4674 | FWW3: 4675 | FWX3: 4676 | FWY3: 4677 | FWZ3: 4678 | FXA3: 4679 | FXB3: 4680 | FXC3: 4681 | FXD3: 4682 | FXE3: 4683 | FXF3: 4684 | FXG3: 4685 | FXH3: 4686 | FXI3: 4687 | FXJ3: 4688 | FXK3: 4689 | FXL3: 4690 | FXM3: 4691 | FXN3: 4692 | FXO3: 4693 | FXP3: 4694 | FXQ3: 4695 | FXR3: 4696 | FXS3: 4697 | FXT3: 4698 | FXU3: 4699 | FXV3: 4700 | FXW3: 4701 | FXX3: 4702 | FXY3: 4703 | FXZ3: 4704 | FYA3: 4705 | FYB3: 4706 | FYC3: 4707 | FYD3: 4708 | FYE3: 4709 | FYF3: 4710 | FYG3: 4711 | FYH3: 4712 | FYI3: 4713 | FYJ3: 4714 | FYK3: 4715 | FYL3: 4716 | FYM3: 4717 | FYN3: 4718 | FYO3: 4719 | FYP3: 4720 | FYQ3: 4721 | FYR3: 4722 | FYS3: 4723 | FYT3: 4724 | FYU3: 4725 | FYV3: 4726 | FYW3: 4727 | FYX3: 4728 | FYY3: 4729 | FYZ3: 4730 | FZA3: 4731 | FZB3: 4732 | FZC3: 4733 | FZD3: 4734 | FZE3: 4735 | FZF3: 4736 | FZG3: 4737 | FZH3: 4738 | FZI3: 4739 | FZJ3: 4740 | FZK3: 4741 | FZL3: 4742 | FZM3: 4743 | FZN3: 4744 | FZO3: 4745 | FZP3: 4746 | FZQ3: 4747 | FZR3: 4748 | FZS3: 4749 | FZT3: 4750 | FZU3: 4751 | FZV3: 4752 | FZW3: 4753 | FZX3: 4754 | FZY3: 4755 | FZZ3: 4756 | GAA3: 4757 | GAB3: 4758 | GAC3: 4759 | GAD3: 4760 | GAE3: 4761 | GAF3: 4762 | GAG3: 4763 | GAH3: 4764 | GAI3: 4765 | GAJ3: 4766 | GAK3: 4767 | GAL3: 4768 | GAM3: 4769 | GAN3: 4770 | GAO3: 4771 | GAP3: 4772 | GAQ3: 4773 | GAR3: 4774 | GAS3: 4775 | GAT3: 4776 | GAU3: 4777 | GAV3: 4778 | GAW3: 4779 | GAX3: 4780 | GAY3: 4781 | GAZ3: 4782 | GBA3: 4783 | GBB3: 4784 | GBC3: 4785 | GBD3: 4786 | GBE3: 4787 | GBF3: 4788 | GBG3: 4789 | GBH3: 4790 | GBI3: 4791 | GBJ3: 4792 | GBK3: 4793 | GBL3: 4794 | GBM3: 4795 | GBN3: 4796 | GBO3: 4797 | GBP3: 4798 | GBQ3: 4799 | GBR3: 4800 | GBS3: 4801 | GBT3: 4802 | GBU3: 4803 | GBV3: 4804 | GBW3: 4805 | GBX3: 4806 | GBY3: 4807 | GBZ3: 4808 | GCA3: 4809 | GCB3: 4810 | GCC3: 4811 | GCD3: 4812 | GCE3: 4813 | GCF3: 4814 | GCG3: 4815 | GCH3: 4816 | GCI3: 4817 | GCJ3: 4818 | GCK3: 4819 | GCL3: 4820 | GCM3: 4821 | GCN3: 4822 | GCO3: 4823 | GCP3: 4824 | GCQ3: 4825 | GCR3: 4826 | GCS3: 4827 | GCT3: 4828 | GCU3: 4829 | GCV3: 4830 | GCW3: 4831 | GCX3: 4832 | GCY3: 4833 | GCZ3: 4834 | GDA3: 4835 | GDB3: 4836 | GDC3: 4837 | GDD3: 4838 | GDE3: 4839 | GDF3: 4840 | GDG3: 4841 | GDH3: 4842 | GDI3: 4843 | GDJ3: 4844 | GDK3: 4845 | GDL3: 4846 | GDM3: 4847 | GDN3: 4848 | GDO3: 4849 | GDP3: 4850 | GDQ3: 4851 | GDR3: 4852 | GDS3: 4853 | GDT3: 4854 | GDU3: 4855 | GDV3: 4856 | GDW3: 4857 | GDX3: 4858 | GDY3: 4859 | GDZ3: 4860 | GEA3: 4861 | GEB3: 4862 | GEC3: 4863 | GED3: 4864 | GEE3: 4865 | GEF3: 4866 | GEG3: 4867 | GEH3: 4868 | GEI3: 4869 | GEJ3: 4870 | GEK3: 4871 | GEL3: 4872 | GEM3: 4873 | GEN3: 4874 | GEO3: 4875 | GEP3: 4876 | GEQ3: 4877 | GER3: 4878 | GES3: 4879 | GET3: 4880 | GEU3: 4881 | GEV3: 4882 | GEW3: 4883 | GEX3: 4884 | GEY3: 4885 | GEZ3: 4886 | GFA3: 4887 | GFB3: 4888 | GFC3: 4889 | GFD3: 4890 | GFE3: 4891 | GFF3: 4892 | GFG3: 4893 | GFH3: 4894 | GFI3: 4895 | GFJ3: 4896 | GFK3: 4897 | GFL3: 4898 | GFM3: 4899 | GFN3: 4900 | GFO3: 4901 | GFP3: 4902 | GFQ3: 4903 | GFR3: 4904 | GFS3: 4905 | GFT3: 4906 | GFU3: 4907 | GFV3: 4908 | GFW3: 4909 | GFX3: 4910 | GFY3: 4911 | GFZ3: 4912 | GGA3: 4913 | GGB3: 4914 | GGC3: 4915 | GGD3: 4916 | GGE3: 4917 | GGF3: 4918 | GGG3: 4919 | GGH3: 4920 | GGI3: 4921 | GGJ3: 4922 | GGK3: 4923 | GGL3: 4924 | GGM3: 4925 | GGN3: 4926 | GGO3: 4927 | GGP3: 4928 | GGQ3: 4929 | GGR3: 4930 | GGS3: 4931 | GGT3: 4932 | GGU3: 4933 | GGV3: 4934 | GGW3: 4935 | GGX3: 4936 | GGY3: 4937 | GGZ3: 4938 | GHA3: 4939 | GHB3: 4940 | GHC3: 4941 | GHD3: 4942 | GHE3: 4943 | GHF3: 4944 | GHG3: 4945 | GHH3: 4946 | GHI3: 4947 | GHJ3: 4948 | GHK3: 4949 | GHL3: 4950 | GHM3: 4951 | GHN3: 4952 | GHO3: 4953 | GHP3: 4954 | GHQ3: 4955 | GHR3: 4956 | GHS3: 4957 | GHT3: 4958 | GHU3: 4959 | GHV3: 4960 | GHW3: 4961 | GHX3: 4962 | GHY3: 4963 | GHZ3: 4964 | GIA3: 4965 | GIB3: 4966 | GIC3: 4967 | GID3: 4968 | GIE3: 4969 | GIF3: 4970 | GIG3: 4971 | GIH3: 4972 | GII3: 4973 | GIJ3: 4974 | GIK3: 4975 | GIL3: 4976 | GIM3: 4977 | GIN3: 4978 | GIO3: 4979 | GIP3: 4980 | GIQ3: 4981 | GIR3: 4982 | GIS3: 4983 | GIT3: 4984 | GIU3: 4985 | GIV3: 4986 | GIW3: 4987 | GIX3: 4988 | GIY3: 4989 | GIZ3: 4990 | GJA3: 4991 | GJB3: 4992 | GJC3: 4993 | GJD3: 4994 | GJE3: 4995 | GJF3: 4996 | GJG3: 4997 | GJH3: 4998 | GJI3: 4999 | GJJ3: 5000 | GJK3: 5001 | GJL3: 5002 | GJM3: 5003 | GJN3: 5004 | GJO3: 5005 | GJP3: 5006 | GJQ3: 5007 | GJR3: 5008 | GJS3: 5009 | GJT3: 5010 | GJU3: 5011 | GJV3: 5012 | GJW3: 5013 | GJX3: 5014 | GJY3: 5015 | GJZ3: 5016 | GKA3: 5017 | GKB3: 5018 | GKC3: 5019 | GKD3: 5020 | GKE3: 5021 | GKF3: 5022 | GKG3: 5023 | GKH3: 5024 | GKI3: 5025 | GKJ3: 5026 | GKK3: 5027 | GKL3: 5028 | GKM3: 5029 | GKN3: 5030 | GKO3: 5031 | GKP3: 5032 | GKQ3: 5033 | GKR3: 5034 | GKS3: 5035 | GKT3: 5036 | GKU3: 5037 | GKV3: 5038 | GKW3: 5039 | GKX3: 5040 | GKY3: 5041 | GKZ3: 5042 | GLA3: 5043 | GLB3: 5044 | GLC3: 5045 | GLD3: 5046 | GLE3: 5047 | GLF3: 5048 | GLG3: 5049 | GLH3: 5050 | GLI3: 5051 | GLJ3: 5052 | GLK3: 5053 | GLL3: 5054 | GLM3: 5055 | GLN3: 5056 | GLO3: 5057 | GLP3: 5058 | GLQ3: 5059 | GLR3: 5060 | GLS3: 5061 | GLT3: 5062 | GLU3: 5063 | GLV3: 5064 | GLW3: 5065 | GLX3: 5066 | GLY3: 5067 | GLZ3: 5068 | GMA3: 5069 | GMB3: 5070 | GMC3: 5071 | GMD3: 5072 | GME3: 5073 | GMF3: 5074 | GMG3: 5075 | GMH3: 5076 | GMI3: 5077 | GMJ3: 5078 | GMK3: 5079 | GML3: 5080 | GMM3: 5081 | GMN3: 5082 | GMO3: 5083 | GMP3: 5084 | GMQ3: 5085 | GMR3: 5086 | GMS3: 5087 | GMT3: 5088 | GMU3: 5089 | GMV3: 5090 | GMW3: 5091 | GMX3: 5092 | GMY3: 5093 | GMZ3: 5094 | GNA3: 5095 | GNB3: 5096 | GNC3: 5097 | GND3: 5098 | GNE3: 5099 | GNF3: 5100 | GNG3: 5101 | GNH3: 5102 | GNI3: 5103 | GNJ3: 5104 | GNK3: 5105 | GNL3: 5106 | GNM3: 5107 | GNN3: 5108 | GNO3: 5109 | GNP3: 5110 | GNQ3: 5111 | GNR3: 5112 | GNS3: 5113 | GNT3: 5114 | GNU3: 5115 | GNV3: 5116 | GNW3: 5117 | GNX3: 5118 | GNY3: 5119 | GNZ3: 5120 | GOA3: 5121 | GOB3: 5122 | GOC3: 5123 | GOD3: 5124 | GOE3: 5125 | GOF3: 5126 | GOG3: 5127 | GOH3: 5128 | GOI3: 5129 | GOJ3: 5130 | GOK3: 5131 | GOL3: 5132 | GOM3: 5133 | GON3: 5134 | GOO3: 5135 | GOP3: 5136 | GOQ3: 5137 | GOR3: 5138 | GOS3: 5139 | GOT3: 5140 | GOU3: 5141 | GOV3: 5142 | GOW3: 5143 | GOX3: 5144 | GOY3: 5145 | GOZ3: 5146 | GPA3: 5147 | GPB3: 5148 | GPC3: 5149 | GPD3: 5150 | GPE3: 5151 | GPF3: 5152 | GPG3: 5153 | GPH3: 5154 | GPI3: 5155 | GPJ3: 5156 | GPK3: 5157 | GPL3: 5158 | GPM3: 5159 | GPN3: 5160 | GPO3: 5161 | GPP3: 5162 | GPQ3: 5163 | GPR3: 5164 | GPS3: 5165 | GPT3: 5166 | GPU3: 5167 | GPV3: 5168 | GPW3: 5169 | GPX3: 5170 | GPY3: 5171 | GPZ3: 5172 | GQA3: 5173 | GQB3: 5174 | GQC3: 5175 | GQD3: 5176 | GQE3: 5177 | GQF3: 5178 | GQG3: 5179 | GQH3: 5180 | GQI3: 5181 | GQJ3: 5182 | GQK3: 5183 | GQL3: 5184 | GQM3: 5185 | GQN3: 5186 | GQO3: 5187 | GQP3: 5188 | GQQ3: 5189 | GQR3: 5190 | GQS3: 5191 | GQT3: 5192 | GQU3: 5193 | GQV3: 5194 | GQW3: 5195 | GQX3: 5196 | GQY3: 5197 | GQZ3: 5198 | GRA3: 5199 | GRB3: 5200 | GRC3: 5201 | GRD3: 5202 | GRE3: 5203 | GRF3: 5204 | GRG3: 5205 | GRH3: 5206 | GRI3: 5207 | GRJ3: 5208 | GRK3: 5209 | GRL3: 5210 | GRM3: 5211 | GRN3: 5212 | GRO3: 5213 | GRP3: 5214 | GRQ3: 5215 | GRR3: 5216 | GRS3: 5217 | GRT3: 5218 | GRU3: 5219 | GRV3: 5220 | GRW3: 5221 | GRX3: 5222 | GRY3: 5223 | GRZ3: 5224 | GSA3: 5225 | GSB3: 5226 | GSC3: 5227 | GSD3: 5228 | GSE3: 5229 | GSF3: 5230 | GSG3: 5231 | GSH3: 5232 | GSI3: 5233 | GSJ3: 5234 | GSK3: 5235 | GSL3: 5236 | GSM3: 5237 | GSN3: 5238 | GSO3: 5239 | GSP3: 5240 | GSQ3: 5241 | GSR3: 5242 | GSS3: 5243 | GST3: 5244 | GSU3: 5245 | GSV3: 5246 | GSW3: 5247 | GSX3: 5248 | GSY3: 5249 | GSZ3: 5250 | GTA3: 5251 | GTB3: 5252 | GTC3: 5253 | GTD3: 5254 | GTE3: 5255 | GTF3: 5256 | GTG3: 5257 | GTH3: 5258 | GTI3: 5259 | GTJ3: 5260 | GTK3: 5261 | GTL3: 5262 | GTM3: 5263 | GTN3: 5264 | GTO3: 5265 | GTP3: 5266 | GTQ3: 5267 | GTR3: 5268 | GTS3: 5269 | GTT3: 5270 | GTU3: 5271 | GTV3: 5272 | GTW3: 5273 | GTX3: 5274 | GTY3: 5275 | GTZ3: 5276 | GUA3: 5277 | GUB3: 5278 | GUC3: 5279 | GUD3: 5280 | GUE3: 5281 | GUF3: 5282 | GUG3: 5283 | GUH3: 5284 | GUI3: 5285 | GUJ3: 5286 | GUK3: 5287 | GUL3: 5288 | GUM3: 5289 | GUN3: 5290 | GUO3: 5291 | GUP3: 5292 | GUQ3: 5293 | GUR3: 5294 | GUS3: 5295 | GUT3: 5296 | GUU3: 5297 | GUV3: 5298 | GUW3: 5299 | GUX3: 5300 | GUY3: 5301 | GUZ3: 5302 | GVA3: 5303 | GVB3: 5304 | GVC3: 5305 | GVD3: 5306 | GVE3: 5307 | GVF3: 5308 | GVG3: 5309 | GVH3: 5310 | GVI3: 5311 | GVJ3: 5312 | GVK3: 5313 | GVL3: 5314 | GVM3: 5315 | GVN3: 5316 | GVO3: 5317 | GVP3: 5318 | GVQ3: 5319 | GVR3: 5320 | GVS3: 5321 | GVT3: 5322 | GVU3: 5323 | GVV3: 5324 | GVW3: 5325 | GVX3: 5326 | GVY3: 5327 | GVZ3: 5328 | GWA3: 5329 | GWB3: 5330 | GWC3: 5331 | GWD3: 5332 | GWE3: 5333 | GWF3: 5334 | GWG3: 5335 | GWH3: 5336 | GWI3: 5337 | GWJ3: 5338 | GWK3: 5339 | GWL3: 5340 | GWM3: 5341 | GWN3: 5342 | GWO3: 5343 | GWP3: 5344 | GWQ3: 5345 | GWR3: 5346 | GWS3: 5347 | GWT3: 5348 | GWU3: 5349 | GWV3: 5350 | GWW3: 5351 | GWX3: 5352 | GWY3: 5353 | GWZ3: 5354 | GXA3: 5355 | GXB3: 5356 | GXC3: 5357 | GXD3: 5358 | GXE3: 5359 | GXF3: 5360 | GXG3: 5361 | GXH3: 5362 | GXI3: 5363 | GXJ3: 5364 | GXK3: 5365 | GXL3: 5366 | GXM3: 5367 | GXN3: 5368 | GXO3: 5369 | GXP3: 5370 | GXQ3: 5371 | GXR3: 5372 | GXS3: 5373 | GXT3: 5374 | GXU3: 5375 | GXV3: 5376 | GXW3: 5377 | GXX3: 5378 | GXY3: 5379 | GXZ3: 5380 | GYA3: 5381 | GYB3: 5382 | GYC3: 5383 | GYD3: 5384 | GYE3: 5385 | GYF3: 5386 | GYG3: 5387 | GYH3: 5388 | GYI3: 5389 | GYJ3: 5390 | GYK3: 5391 | GYL3: 5392 | GYM3: 5393 | GYN3: 5394 | GYO3: 5395 | GYP3: 5396 | GYQ3: 5397 | GYR3: 5398 | GYS3: 5399 | GYT3: 5400 | GYU3: 5401 | GYV3: 5402 | GYW3: 5403 | GYX3: 5404 | GYY3: 5405 | GYZ3: 5406 | GZA3: 5407 | GZB3: 5408 | GZC3: 5409 | GZD3: 5410 | GZE3: 5411 | GZF3: 5412 | GZG3: 5413 | GZH3: 5414 | GZI3: 5415 | GZJ3: 5416 | GZK3: 5417 | GZL3: 5418 | GZM3: 5419 | GZN3: 5420 | GZO3: 5421 | GZP3: 5422 | GZQ3: 5423 | GZR3: 5424 | GZS3: 5425 | GZT3: 5426 | GZU3: 5427 | GZV3: 5428 | GZW3: 5429 | GZX3: 5430 | GZY3: 5431 | GZZ3: 5432 | HAA3: 5433 | HAB3: 5434 | HAC3: 5435 | HAD3: 5436 | HAE3: 5437 | HAF3: 5438 | HAG3: 5439 | HAH3: 5440 | HAI3: 5441 | HAJ3: 5442 | HAK3: 5443 | HAL3: 5444 | HAM3: 5445 | HAN3: 5446 | HAO3: 5447 | HAP3: 5448 | HAQ3: 5449 | HAR3: 5450 | HAS3: 5451 | HAT3: 5452 | HAU3: 5453 | HAV3: 5454 | HAW3: 5455 | HAX3: 5456 | HAY3: 5457 | HAZ3: 5458 | HBA3: 5459 | HBB3: 5460 | HBC3: 5461 | HBD3: 5462 | HBE3: 5463 | HBF3: 5464 | HBG3: 5465 | HBH3: 5466 | HBI3: 5467 | HBJ3: 5468 | HBK3: 5469 | HBL3: 5470 | HBM3: 5471 | HBN3: 5472 | HBO3: 5473 | HBP3: 5474 | HBQ3: 5475 | HBR3: 5476 | HBS3: 5477 | HBT3: 5478 | HBU3: 5479 | HBV3: 5480 | HBW3: 5481 | HBX3: 5482 | HBY3: 5483 | HBZ3: 5484 | HCA3: 5485 | HCB3: 5486 | HCC3: 5487 | HCD3: 5488 | HCE3: 5489 | HCF3: 5490 | HCG3: 5491 | HCH3: 5492 | HCI3: 5493 | HCJ3: 5494 | HCK3: 5495 | HCL3: 5496 | HCM3: 5497 | HCN3: 5498 | HCO3: 5499 | HCP3: 5500 | HCQ3: 5501 | HCR3: 5502 | HCS3: 5503 | HCT3: 5504 | HCU3: 5505 | HCV3: 5506 | HCW3: 5507 | HCX3: 5508 | HCY3: 5509 | HCZ3: 5510 | HDA3: 5511 | HDB3: 5512 | HDC3: 5513 | HDD3: 5514 | HDE3: 5515 | HDF3: 5516 | HDG3: 5517 | HDH3: 5518 | HDI3: 5519 | HDJ3: 5520 | HDK3: 5521 | HDL3: 5522 | HDM3: 5523 | HDN3: 5524 | HDO3: 5525 | HDP3: 5526 | HDQ3: 5527 | HDR3: 5528 | HDS3: 5529 | HDT3: 5530 | HDU3: 5531 | HDV3: 5532 | HDW3: 5533 | HDX3: 5534 | HDY3: 5535 | HDZ3: 5536 | HEA3: 5537 | HEB3: 5538 | HEC3: 5539 | HED3: 5540 | HEE3: 5541 | HEF3: 5542 | HEG3: 5543 | HEH3: 5544 | HEI3: 5545 | HEJ3: 5546 | HEK3: 5547 | HEL3: 5548 | HEM3: 5549 | HEN3: 5550 | HEO3: 5551 | HEP3: 5552 | HEQ3: 5553 | HER3: 5554 | HES3: 5555 | HET3: 5556 | HEU3: 5557 | HEV3: 5558 | HEW3: 5559 | HEX3: 5560 | HEY3: 5561 | HEZ3: 5562 | HFA3: 5563 | HFB3: 5564 | HFC3: 5565 | HFD3: 5566 | HFE3: 5567 | HFF3: 5568 | HFG3: 5569 | HFH3: 5570 | HFI3: 5571 | HFJ3: 5572 | HFK3: 5573 | HFL3: 5574 | HFM3: 5575 | HFN3: 5576 | HFO3: 5577 | HFP3: 5578 | HFQ3: 5579 | HFR3: 5580 | HFS3: 5581 | HFT3: 5582 | HFU3: 5583 | HFV3: 5584 | HFW3: 5585 | HFX3: 5586 | HFY3: 5587 | HFZ3: 5588 | HGA3: 5589 | HGB3: 5590 | HGC3: 5591 | HGD3: 5592 | HGE3: 5593 | HGF3: 5594 | HGG3: 5595 | HGH3: 5596 | HGI3: 5597 | HGJ3: 5598 | HGK3: 5599 | HGL3: 5600 | HGM3: 5601 | HGN3: 5602 | HGO3: 5603 | HGP3: 5604 | HGQ3: 5605 | HGR3: 5606 | HGS3: 5607 | HGT3: 5608 | HGU3: 5609 | HGV3: 5610 | HGW3: 5611 | HGX3: 5612 | HGY3: 5613 | HGZ3: 5614 | HHA3: 5615 | HHB3: 5616 | HHC3: 5617 | HHD3: 5618 | HHE3: 5619 | HHF3: 5620 | HHG3: 5621 | HHH3: 5622 | HHI3: 5623 | HHJ3: 5624 | HHK3: 5625 | HHL3: 5626 | HHM3: 5627 | HHN3: 5628 | HHO3: 5629 | HHP3: 5630 | HHQ3: 5631 | HHR3: 5632 | HHS3: 5633 | HHT3: 5634 | HHU3: 5635 | HHV3: 5636 | HHW3: 5637 | HHX3: 5638 | HHY3: 5639 | HHZ3: 5640 | HIA3: 5641 | HIB3: 5642 | HIC3: 5643 | HID3: 5644 | HIE3: 5645 | HIF3: 5646 | HIG3: 5647 | HIH3: 5648 | HII3: 5649 | HIJ3: 5650 | HIK3: 5651 | HIL3: 5652 | HIM3: 5653 | HIN3: 5654 | HIO3: 5655 | HIP3: 5656 | HIQ3: 5657 | HIR3: 5658 | HIS3: 5659 | HIT3: 5660 | HIU3: 5661 | HIV3: 5662 | HIW3: 5663 | HIX3: 5664 | HIY3: 5665 | HIZ3: 5666 | HJA3: 5667 | HJB3: 5668 | HJC3: 5669 | HJD3: 5670 | HJE3: 5671 | HJF3: 5672 | HJG3: 5673 | HJH3: 5674 | HJI3: 5675 | HJJ3: 5676 | HJK3: 5677 | HJL3: 5678 | HJM3: 5679 | HJN3: 5680 | HJO3: 5681 | HJP3: 5682 | HJQ3: 5683 | HJR3: 5684 | HJS3: 5685 | HJT3: 5686 | HJU3: 5687 | HJV3: 5688 | HJW3: 5689 | HJX3: 5690 | HJY3: 5691 | HJZ3: 5692 | HKA3: 5693 | HKB3: 5694 | HKC3: 5695 | HKD3: 5696 | HKE3: 5697 | HKF3: 5698 | HKG3: 5699 | HKH3: 5700 | HKI3: 5701 | HKJ3: 5702 | HKK3: 5703 | HKL3: 5704 | HKM3: 5705 | HKN3: 5706 | HKO3: 5707 | HKP3: 5708 | HKQ3: 5709 | HKR3: 5710 | HKS3: 5711 | HKT3: 5712 | HKU3: 5713 | HKV3: 5714 | HKW3: 5715 | HKX3: 5716 | HKY3: 5717 | HKZ3: 5718 | HLA3: 5719 | HLB3: 5720 | HLC3: 5721 | HLD3: 5722 | HLE3: 5723 | HLF3: 5724 | HLG3: 5725 | HLH3: 5726 | HLI3: 5727 | HLJ3: 5728 | HLK3: 5729 | HLL3: 5730 | HLM3: 5731 | HLN3: 5732 | HLO3: 5733 | HLP3: 5734 | HLQ3: 5735 | HLR3: 5736 | HLS3: 5737 | HLT3: 5738 | HLU3: 5739 | HLV3: 5740 | HLW3: 5741 | HLX3: 5742 | HLY3: 5743 | HLZ3: 5744 | HMA3: 5745 | HMB3: 5746 | HMC3: 5747 | HMD3: 5748 | HME3: 5749 | HMF3: 5750 | HMG3: 5751 | HMH3: 5752 | HMI3: 5753 | HMJ3: 5754 | HMK3: 5755 | HML3: 5756 | HMM3: 5757 | HMN3: 5758 | HMO3: 5759 | HMP3: 5760 | HMQ3: 5761 | HMR3: 5762 | HMS3: 5763 | HMT3: 5764 | HMU3: 5765 | HMV3: 5766 | HMW3: 5767 | HMX3: 5768 | HMY3: 5769 | HMZ3: 5770 | HNA3: 5771 | HNB3: 5772 | HNC3: 5773 | HND3: 5774 | HNE3: 5775 | HNF3: 5776 | HNG3: 5777 | HNH3: 5778 | HNI3: 5779 | HNJ3: 5780 | HNK3: 5781 | HNL3: 5782 | HNM3: 5783 | HNN3: 5784 | HNO3: 5785 | HNP3: 5786 | HNQ3: 5787 | HNR3: 5788 | HNS3: 5789 | HNT3: 5790 | HNU3: 5791 | HNV3: 5792 | HNW3: 5793 | HNX3: 5794 | HNY3: 5795 | HNZ3: 5796 | HOA3: 5797 | HOB3: 5798 | HOC3: 5799 | HOD3: 5800 | HOE3: 5801 | HOF3: 5802 | HOG3: 5803 | HOH3: 5804 | HOI3: 5805 | HOJ3: 5806 | HOK3: 5807 | HOL3: 5808 | HOM3: 5809 | HON3: 5810 | HOO3: 5811 | HOP3: 5812 | HOQ3: 5813 | HOR3: 5814 | HOS3: 5815 | HOT3: 5816 | HOU3: 5817 | HOV3: 5818 | HOW3: 5819 | HOX3: 5820 | HOY3: 5821 | HOZ3: 5822 | HPA3: 5823 | HPB3: 5824 | HPC3: 5825 | HPD3: 5826 | HPE3: 5827 | HPF3: 5828 | HPG3: 5829 | HPH3: 5830 | HPI3: 5831 | HPJ3: 5832 | HPK3: 5833 | HPL3: 5834 | HPM3: 5835 | HPN3: 5836 | HPO3: 5837 | HPP3: 5838 | HPQ3: 5839 | HPR3: 5840 | HPS3: 5841 | HPT3: 5842 | HPU3: 5843 | HPV3: 5844 | HPW3: 5845 | HPX3: 5846 | HPY3: 5847 | HPZ3: 5848 | HQA3: 5849 | HQB3: 5850 | HQC3: 5851 | HQD3: 5852 | HQE3: 5853 | HQF3: 5854 | HQG3: 5855 | HQH3: 5856 | HQI3: 5857 | HQJ3: 5858 | HQK3: 5859 | HQL3: 5860 | HQM3: 5861 | HQN3: 5862 | HQO3: 5863 | HQP3: 5864 | HQQ3: 5865 | HQR3: 5866 | HQS3: 5867 | HQT3: 5868 | HQU3: 5869 | HQV3: 5870 | HQW3: 5871 | HQX3: 5872 | HQY3: 5873 | HQZ3: 5874 | HRA3: 5875 | HRB3: 5876 | HRC3: 5877 | HRD3: 5878 | HRE3: 5879 | HRF3: 5880 | HRG3: 5881 | HRH3: 5882 | HRI3: 5883 | HRJ3: 5884 | HRK3: 5885 | HRL3: 5886 | HRM3: 5887 | HRN3: 5888 | HRO3: 5889 | HRP3: 5890 | HRQ3: 5891 | HRR3: 5892 | HRS3: 5893 | HRT3: 5894 | HRU3: 5895 | HRV3: 5896 | HRW3: 5897 | HRX3: 5898 | HRY3: 5899 | HRZ3: 5900 | HSA3: 5901 | HSB3: 5902 | HSC3: 5903 | HSD3: 5904 | HSE3: 5905 | HSF3: 5906 | HSG3: 5907 | HSH3: 5908 | HSI3: 5909 | HSJ3: 5910 | HSK3: 5911 | HSL3: 5912 | HSM3: 5913 | HSN3: 5914 | HSO3: 5915 | HSP3: 5916 | HSQ3: 5917 | HSR3: 5918 | HSS3: 5919 | HST3: 5920 | HSU3: 5921 | HSV3: 5922 | HSW3: 5923 | HSX3: 5924 | HSY3: 5925 | HSZ3: 5926 | HTA3: 5927 | HTB3: 5928 | HTC3: 5929 | HTD3: 5930 | HTE3: 5931 | HTF3: 5932 | HTG3: 5933 | HTH3: 5934 | HTI3: 5935 | HTJ3: 5936 | HTK3: 5937 | HTL3: 5938 | HTM3: 5939 | HTN3: 5940 | HTO3: 5941 | HTP3: 5942 | HTQ3: 5943 | HTR3: 5944 | HTS3: 5945 | HTT3: 5946 | HTU3: 5947 | HTV3: 5948 | HTW3: 5949 | HTX3: 5950 | HTY3: 5951 | HTZ3: 5952 | HUA3: 5953 | HUB3: 5954 | HUC3: 5955 | HUD3: 5956 | HUE3: 5957 | HUF3: 5958 | HUG3: 5959 | HUH3: 5960 | HUI3: 5961 | HUJ3: 5962 | HUK3: 5963 | HUL3: 5964 | HUM3: 5965 | HUN3: 5966 | HUO3: 5967 | HUP3: 5968 | HUQ3: 5969 | HUR3: 5970 | HUS3: 5971 | HUT3: 5972 | HUU3: 5973 | HUV3: 5974 | HUW3: 5975 | HUX3: 5976 | HUY3: 5977 | HUZ3: 5978 | HVA3: 5979 | HVB3: 5980 | HVC3: 5981 | HVD3: 5982 | HVE3: 5983 | HVF3: 5984 | HVG3: 5985 | HVH3: 5986 | HVI3: 5987 | HVJ3: 5988 | HVK3: 5989 | HVL3: 5990 | HVM3: 5991 | HVN3: 5992 | HVO3: 5993 | HVP3: 5994 | HVQ3: 5995 | HVR3: 5996 | HVS3: 5997 | HVT3: 5998 | HVU3: 5999 | HVV3: 6000 | HVW3: 6001 | HVX3: 6002 | HVY3: 6003 | HVZ3: 6004 | HWA3: 6005 | HWB3: 6006 | HWC3: 6007 | HWD3: 6008 | HWE3: 6009 | HWF3: 6010 | HWG3: 6011 | HWH3: 6012 | HWI3: 6013 | HWJ3: 6014 | HWK3: 6015 | HWL3: 6016 | HWM3: 6017 | HWN3: 6018 | HWO3: 6019 | HWP3: 6020 | HWQ3: 6021 | HWR3: 6022 | HWS3: 6023 | HWT3: 6024 | HWU3: 6025 | HWV3: 6026 | HWW3: 6027 | HWX3: 6028 | HWY3: 6029 | HWZ3: 6030 | HXA3: 6031 | HXB3: 6032 | HXC3: 6033 | HXD3: 6034 | HXE3: 6035 | HXF3: 6036 | HXG3: 6037 | HXH3: 6038 | HXI3: 6039 | HXJ3: 6040 | HXK3: 6041 | HXL3: 6042 | HXM3: 6043 | HXN3: 6044 | HXO3: 6045 | HXP3: 6046 | HXQ3: 6047 | HXR3: 6048 | HXS3: 6049 | HXT3: 6050 | HXU3: 6051 | HXV3: 6052 | HXW3: 6053 | HXX3: 6054 | HXY3: 6055 | HXZ3: 6056 | HYA3: 6057 | HYB3: 6058 | HYC3: 6059 | HYD3: 6060 | HYE3: 6061 | HYF3: 6062 | HYG3: 6063 | HYH3: 6064 | HYI3: 6065 | HYJ3: 6066 | HYK3: 6067 | HYL3: 6068 | HYM3: 6069 | HYN3: 6070 | HYO3: 6071 | HYP3: 6072 | HYQ3: 6073 | HYR3: 6074 | HYS3: 6075 | HYT3: 6076 | HYU3: 6077 | HYV3: 6078 | HYW3: 6079 | HYX3: 6080 | HYY3: 6081 | HYZ3: 6082 | HZA3: 6083 | HZB3: 6084 | HZC3: 6085 | HZD3: 6086 | HZE3: 6087 | HZF3: 6088 | HZG3: 6089 | HZH3: 6090 | HZI3: 6091 | HZJ3: 6092 | HZK3: 6093 | HZL3: 6094 | HZM3: 6095 | HZN3: 6096 | HZO3: 6097 | HZP3: 6098 | HZQ3: 6099 | HZR3: 6100 | HZS3: 6101 | HZT3: 6102 | HZU3: 6103 | HZV3: 6104 | HZW3: 6105 | HZX3: 6106 | HZY3: 6107 | HZZ3: 6108 | IAA3: 6109 | IAB3: 6110 | IAC3: 6111 | IAD3: 6112 | IAE3: 6113 | IAF3: 6114 | IAG3: 6115 | IAH3: 6116 | IAI3: 6117 | IAJ3: 6118 | IAK3: 6119 | IAL3: 6120 | IAM3: 6121 | IAN3: 6122 | IAO3: 6123 | IAP3: 6124 | IAQ3: 6125 | IAR3: 6126 | IAS3: 6127 | IAT3: 6128 | IAU3: 6129 | IAV3: 6130 | IAW3: 6131 | IAX3: 6132 | IAY3: 6133 | IAZ3: 6134 | IBA3: 6135 | IBB3: 6136 | IBC3: 6137 | IBD3: 6138 | IBE3: 6139 | IBF3: 6140 | IBG3: 6141 | IBH3: 6142 | IBI3: 6143 | IBJ3: 6144 | IBK3: 6145 | IBL3: 6146 | IBM3: 6147 | IBN3: 6148 | IBO3: 6149 | IBP3: 6150 | IBQ3: 6151
A4: x | B4: 0.730116 | C4: 0.730781 | D4: 0.72907 | E4: 0.729854 | F4: 0.729203 | G4: 0.727247 | H4: 0.729658 | I4: 0.729037 | J4: 0.728887 | K4: 0.728644 | L4: 0.728843 | M4: 0.728062 | N4: 0.72717 | O4: 0.729067 | P4: 0.725139 | Q4: 0.729941 | R4: 0.728958 | S4: 0.727124 | T4: 0.725598 | U4: 0.723539 | V4: 0.724284 | W4: 0.72186 | X4: 0.721418 | Y4: 0.722598 | Z4: 0.723739 | AA4: 0.726767 | AB4: 0.726894 | AC4: 0.726227 | AD4: 0.727248 | AE4: 0.72576 | AF4: 0.720125 | AG4: 0.716009 | AH4: 0.715777 | AI4: 0.716058 | AJ4: 0.716297 | AK4: 0.719623 | AL4: 0.718926 | AM4: 0.718815 | AN4: 0.719427 | AO4: 0.716493 | AP4: 0.714645 | AQ4: 0.713023 | AR4: 0.710788 | AS4: 0.713884 | AT4: 0.7157 | AU4: 0.717555 | AV4: 0.716132 | AW4: 0.715388 | AX4: 0.713873 | AY4: 0.711904 | AZ4: 0.713313 | BA4: 0.715376 | BB4: 0.715439 | BC4: 0.714122 | BD4: 0.714695 | BE4: 0.716032 | BF4: 0.714083 | BG4: 0.715119 | BH4: 0.714187 | BI4: 0.708891 | BJ4: 0.710724 | BK4: 0.708053 | BL4: 0.709352 | BM4: 0.707916 | BN4: 0.712334 | BO4: 0.712227 | BP4: 0.711466 | BQ4: 0.716291 | BR4: 0.71529 | BS4: 0.716829 | BT4: 0.713642 | BU4: 0.715589 | BV4: 0.714953 | BW4: 0.714718 | BX4: 0.714831 | BY4: 0.714391 | BZ4: 0.711922 | CA4: 0.712273 | CB4: 0.709484 | CC4: 0.711976 | CD4: 0.709119 | CE4: 0.709643 | CF4: 0.707621 | CG4: 0.706679 | CH4: 0.703541 | CI4: 0.70191 | CJ4: 0.701053 | CK4: 0.701573 | CL4: 0.707365 | CM4: 0.707467 | CN4: 0.705449 | CO4: 0.707582 | CP4: 0.710198 | CQ4: 0.709341 | CR4: 0.710834 | CS4: 0.710521 | CT4: 0.710305 | CU4: 0.707729 | CV4: 0.706061 | CW4: 0.70699 | CX4: 0.705898 | CY4: 0.70649 | CZ4: 0.707624 | DA4: 0.705519 | DB4: 0.706635 | DC4: 0.7057 | DD4: 0.70555 | DE4: 0.70574 | DF4: 0.706253 | DG4: 0.709062 | DH4: 0.710279 | DI4: 0.710342 | DJ4: 0.707723 | DK4: 0.708217 | DL4: 0.708024 | DM4: 0.705336 | DN4: 0.702865 | DO4: 0.702574 | DP4: 0.701282 | DQ4: 0.70308 | DR4: 0.696274 | DS4: 0.69542 | DT4: 0.693284 | DU4: 0.695632 | DV4: 0.692124 | DW4: 0.68929 | DX4: 0.691332 | DY4: 0.689368 | DZ4: 0.690432 | EA4: 0.6922 | EB4: 0.69078 | EC4: 0.688996 | ED4: 0.6866 | EE4: 0.688282 | EF4: 0.687127 | EG4: 0.68198 | EH4: 0.678168 | EI4: 0.678975 | EJ4: 0.68211 | EK4: 0.683429 | EL4: 0.681755 | EM4: 0.682767 | EN4: 0.688461 | EO4: 0.684609 | EP4: 0.690557 | EQ4: 0.689416 | ER4: 0.689718 | ES4: 0.687183 | ET4: 0.686856 | EU4: 0.692872 | EV4: 0.686346 | EW4: 0.688981 | EX4: 0.69182 | EY4: 0.688859 | EZ4: 0.692187 | FA4: 0.691589 | FB4: 0.6928 | FC4: 0.691457 | FD4: 0.69186 | FE4: 0.686082 | FF4: 0.686748 | FG4: 0.687989 | FH4: 0.688273 | FI4: 0.685637 | FJ4: 0.681373 | FK4: 0.680573 | FL4: 0.680815 | FM4: 0.682257 | FN4: 0.684682 | FO4: 0.683602 | FP4: 0.689919 | FQ4: 0.68984 | FR4: 0.69075 | FS4: 0.690075 | FT4: 0.688875 | FU4: 0.685181 | FV4: 0.683316 | FW4: 0.682987 | FX4: 0.684799 | FY4: 0.68642 | FZ4: 0.681995 | GA4: 0.682348 | GB4: 0.680886 | GC4: 0.683038 | GD4: 0.683364 | GE4: 0.681513 | GF4: 0.682711 | GG4: 0.681147 | GH4: 0.681059 | GI4: 0.680742 | GJ4: 0.682178 | GK4: 0.682044 | GL4: 0.681574 | GM4: 0.682019 | GN4: 0.681486 | GO4: 0.685034 | GP4: 0.683553 | GQ4: 0.682839 | GR4: 0.682744 | GS4: 0.682499 | GT4: 0.685066 | GU4: 0.684094 | GV4: 0.682848 | GW4: 0.682538 | GX4: 0.678547 | GY4: 0.673814 | GZ4: 0.67372 | HA4: 0.672271 | HB4: 0.672548 | HC4: 0.66958 | HD4: 0.671686 | HE4: 0.668696 | HF4: 0.67077 | HG4: 0.669704 | HH4: 0.670501 | HI4: 0.67361 | HJ4: 0.670401 | HK4: 0.669768 | HL4: 0.674697 | HM4: 0.676743 | HN4: 0.674133 | HO4: 0.673645 | HP4: 0.677819 | HQ4: 0.676877 | HR4: 0.67739 | HS4: 0.680734 | HT4: 0.680417 | HU4: 0.683258 | HV4: 0.681797 | HW4: 0.683304 | HX4: 0.684195 | HY4: 0.682701 | HZ4: 0.681489 | IA4: 0.684103 | IB4: 0.684046 | IC4: 0.685287 | ID4: 0.684813 | IE4: 0.686464 | IF4: 0.68604 | IG4: 0.688284 | IH4: 0.689552 | II4: 0.687813 | IJ4: 0.687639 | IK4: 0.689185 | IL4: 0.689498 | IM4: 0.689092 | IN4: 0.689179 | IO4: 0.688982 | IP4: 0.689022 | IQ4: 0.688682 | IR4: 0.689464 | IS4: 0.688995 | IT4: 0.688688 | IU4: 0.69029 | IV4: 0.689853 | IW4: 0.690452 | IX4: 0.690144 | IY4: 0.68691 | IZ4: 0.685003 | JA4: 0.673944 | JB4: 0.686959 | JC4: 0.688737 | JD4: 0.687906 | JE4: 0.687062 | JF4: 0.688358 | JG4: 0.684478 | JH4: 0.68366 | JI4: 0.68365 | JJ4: 0.680646 | JK4: 0.681597 | JL4: 0.68093 | JM4: 0.68073 | JN4: 0.683082 | JO4: 0.679018 | JP4: 0.680237 | JQ4: 0.678228 | JR4: 0.677765 | JS4: 0.679132 | JT4: 0.679114 | JU4: 0.678351 | JV4: 0.677184 | JW4: 0.68103 | JX4: 0.680555 | JY4: 0.680465 | JZ4: 0.682328 | KA4: 0.682668 | KB4: 0.682745 | KC4: 0.682013 | KD4: 0.681824 | KE4: 0.679561 | KF4: 0.680404 | KG4: 0.678024 | KH4: 0.675217 | KI4: 0.67245 | KJ4: 0.670747 | KK4: 0.670821 | KL4: 0.671354 | KM4: 0.670182 | KN4: 0.669797 | KO4: 0.668527 | KP4: 0.669167 | KQ4: 0.669659 | KR4: 0.66831 | KS4: 0.663764 | KT4: 0.652342 | KU4: 0.651402 | KV4: 0.644278 | KW4: 0.650371 | KX4: 0.654067 | KY4: 0.651824 | KZ4: 0.653595 | LA4: 0.6521 | LB4: 0.648627 | LC4: 0.648638 | LD4: 0.650016 | LE4: 0.647771 | LF4: 0.649737 | LG4: 0.646895 | LH4: 0.647432 | LI4: 0.650272 | LJ4: 0.647652 | LK4: 0.642746 | LL4: 0.642404 | LM4: 0.640821 | LN4: 0.638391 | LO4: 0.638621 | LP4: 0.636832 | LQ4: 0.636382 | LR4: 0.634347 | LS4: 0.635716 | LT4: 0.639652 | LU4: 0.638663 | LV4: 0.636813 | LW4: 0.635288 | LX4: 0.629434 | LY4: 0.627581 | LZ4: 0.627765 | MA4: 0.631948 | MB4: 0.635308 | MC4: 0.631873 | MD4: 0.630919 | ME4: 0.634591 | MF4: 0.633095 | MG4: 0.635715 | MH4: 0.636712 | MI4: 0.634244 | MJ4: 0.633835 | MK4: 0.634699 | ML4: 0.635079 | MM4: 0.631607 | MN4: 0.633419 | MO4: 0.634213 | MP4: 0.641854 | MQ4: 0.650286 | MR4: 0.650279 | MS4: 0.652613 | MT4: 0.649178 | MU4: 0.651578 | MV4: 0.649634 | MW4: 0.652237 | MX4: 0.65098 | MY4: 0.652433 | MZ4: 0.648107 | NA4: 0.634381 | NB4: 0.635231 | NC4: 0.634687 | ND4: 0.634554 | NE4: 0.646126 | NF4: 0.640416 | NG4: 0.641327 | NH4: 0.642193 | NI4: 0.641226 | NJ4: 0.641779 | NK4: 0.639566 | NL4: 0.63963 | NM4: 0.637987 | NN4: 0.6401 | NO4: 0.640675 | NP4: 0.639857 | NQ4: 0.638715 | NR4: 0.638279 | NS4: 0.637834 | NT4: 0.635425 | NU4: 0.638314 | NV4: 0.636746 | NW4: 0.636724 | NX4: 0.638482 | NY4: 0.640555 | NZ4: 0.637447 | OA4: 0.637072 | OB4: 0.636752 | OC4: 0.637826 | OD4: 0.637667 | OE4: 0.639548 | OF4: 0.642849 | OG4: 0.644127 | OH4: 0.644969 | OI4: 0.647445 | OJ4: 0.642095 | OK4: 0.645899 | OL4: 0.644509 | OM4: 0.642366 | ON4: 0.641407 | OO4: 0.643146 | OP4: 0.641992 | OQ4: 0.641703 | OR4: 0.643885 | OS4: 0.642514 | OT4: 0.643155 | OU4: 0.641216 | OV4: 0.642809 | OW4: 0.645257 | OX4: 0.647506 | OY4: 0.648394 | OZ4: 0.648789 | PA4: 0.651752 | PB4: 0.651188 | PC4: 0.652472 | PD4: 0.659035 | PE4: 0.658894 | PF4: 0.662905 | PG4: 0.671551 | PH4: 0.674616 | PI4: 0.670527 | PJ4: 0.670552 | PK4: 0.672265 | PL4: 0.671952 | PM4: 0.672321 | PN4: 0.670655 | PO4: 0.668657 | PP4: 0.670745 | PQ4: 0.673946 | PR4: 0.67002 | PS4: 0.670958 | PT4: 0.669037 | PU4: 0.671085 | PV4: 0.674192 | PW4: 0.673575 | PX4: 0.677447 | PY4: 0.673536 | PZ4: 0.676524 | QA4: 0.680912 | QB4: 0.681177 | QC4: 0.68257 | QD4: 0.682367 | QE4: 0.683517 | QF4: 0.681911 | QG4: 0.672334 | QH4: 0.665183 | QI4: 0.666661 | QJ4: 0.670306 | QK4: 0.669413 | QL4: 0.665367 | QM4: 0.66387 | QN4: 0.668548 | QO4: 0.668001 | QP4: 0.670217 | QQ4: 0.670016 | QR4: 0.667195 | QS4: 0.666538 | QT4: 0.669196 | QU4: 0.668898 | QV4: 0.668146 | QW4: 0.669098 | QX4: 0.668215 | QY4: 0.668811 | QZ4: 0.66655 | RA4: 0.66845 | RB4: 0.667326 | RC4: 0.662946 | RD4: 0.662705 | RE4: 0.665256 | RF4: 0.665634 | RG4: 0.665011 | RH4: 0.667716 | RI4: 0.669096 | RJ4: 0.669251 | RK4: 0.67198 | RL4: 0.672829 | RM4: 0.669203 | RN4: 0.670186 | RO4: 0.669081 | RP4: 0.670011 | RQ4: 0.665345 | RR4: 0.666239 | RS4: 0.669731 | RT4: 0.665759 | RU4: 0.66706 | RV4: 0.666942 | RW4: 0.669752 | RX4: 0.668243 | RY4: 0.6674 | RZ4: 0.66654 | SA4: 0.667554 | SB4: 0.669258 | SC4: 0.671047 | SD4: 0.67209 | SE4: 0.67288 | SF4: 0.674985 | SG4: 0.672275 | SH4: 0.671966 | SI4: 0.672599 | SJ4: 0.672685 | SK4: 0.674193 | SL4: 0.672513 | SM4: 0.674217 | SN4: 0.675069 | SO4: 0.674196 | SP4: 0.673879 | SQ4: 0.673003 | SR4: 0.672322 | SS4: 0.673667 | ST4: 0.673237 | SU4: 0.674552 | SV4: 0.672016 | SW4: 0.672724 | SX4: 0.672336 | SY4: 0.672728 | SZ4: 0.673944 | TA4: 0.674857 | TB4: 0.678286 | TC4: 0.677894 | TD4: 0.676731 | TE4: 0.677579 | TF4: 0.676443 | TG4: 0.675575 | TH4: 0.678036 | TI4: 0.677927 | TJ4: 0.680206 | TK4: 0.680823 | TL4: 0.682098 | TM4: 0.683958 | TN4: 0.685494 | TO4: 0.683731 | TP4: 0.686955 | TQ4: 0.685856 | TR4: 0.687671 | TS4: 0.688293 | TT4: 0.687682 | TU4: 0.688853 | TV4: 0.688007 | TW4: 0.687079 | TX4: 0.683424 | TY4: 0.681735 | TZ4: 0.683708 | UA4: 0.685251 | UB4: 0.684119 | UC4: 0.684616 | UD4: 0.685218 | UE4: 0.683793 | UF4: 0.682348 | UG4: 0.681903 | UH4: 0.678319 | UI4: 0.679593 | UJ4: 0.679717 | UK4: 0.679201 | UL4: 0.679944 | UM4: 0.677308 | UN4: 0.677542 | UO4: 0.678678 | UP4: 0.680882 | UQ4: 0.683878 | UR4: 0.68267 | US4: 0.683365 | UT4: 0.683491 | UU4: 0.684584 | UV4: 0.683835 | UW4: 0.684301 | UX4: 0.685327 | UY4: 0.682962 | UZ4: 0.682766 | VA4: 0.683333 | VB4: 0.683265 | VC4: 0.68445 | VD4: 0.683257 | VE4: 0.684394 | VF4: 0.685338 | VG4: 0.68414 | VH4: 0.684241 | VI4: 0.68589 | VJ4: 0.685882 | VK4: 0.684365 | VL4: 0.685684 | VM4: 0.685811 | VN4: 0.685621 | VO4: 0.685412 | VP4: 0.686559 | VQ4: 0.685184 | VR4: 0.687342 | VS4: 0.689717 | VT4: 0.691494 | VU4: 0.690709 | VV4: 0.692051 | VW4: 0.691585 | VX4: 0.691896 | VY4: 0.690765 | VZ4: 0.688333 | WA4: 0.690428 | WB4: 0.691163 | WC4: 0.691284 | WD4: 0.692452 | WE4: 0.692408 | WF4: 0.688053 | WG4: 0.689629 | WH4: 0.691737 | WI4: 0.691704 | WJ4: 0.690025 | WK4: 0.689925 | WL4: 0.689756 | WM4: 0.689924 | WN4: 0.687997 | WO4: 0.687509 | WP4: 0.690769 | WQ4: 0.691325 | WR4: 0.691869 | WS4: 0.693186 | WT4: 0.692329 | WU4: 0.693998 | WV4: 0.693942 | WW4: 0.694545 | WX4: 0.694573 | WY4: 0.694885 | WZ4: 0.697081 | XA4: 0.696974 | XB4: 0.691354 | XC4: 0.693392 | XD4: 0.691279 | XE4: 0.692769 | XF4: 0.693385 | XG4: 0.693246 | XH4: 0.692722 | XI4: 0.694982 | XJ4: 0.694998 | XK4: 0.695423 | XL4: 0.69485 | XM4: 0.691769 | XN4: 0.691849 | XO4: 0.689861 | XP4: 0.690564 | XQ4: 0.69168 | XR4: 0.693341 | XS4: 0.693942 | XT4: 0.694294 | XU4: 0.694042 | XV4: 0.693125 | XW4: 0.692837 | XX4: 0.692615 | XY4: 0.693354 | XZ4: 0.69412 | YA4: 0.692758 | YB4: 0.694024 | YC4: 0.695054 | YD4: 0.693978 | YE4: 0.693575 | YF4: 0.693813 | YG4: 0.692724 | YH4: 0.694174 | YI4: 0.689388 | YJ4: 0.687888 | YK4: 0.687795 | YL4: 0.687007 | YM4: 0.686364 | YN4: 0.684473 | YO4: 0.685337 | YP4: 0.686043 | YQ4: 0.685361 | YR4: 0.685459 | YS4: 0.684347 | YT4: 0.682342 | YU4: 0.683221 | YV4: 0.684299 | YW4: 0.683572 | YX4: 0.685592 | YY4: 0.685868 | YZ4: 0.686649 | ZA4: 0.685395 | ZB4: 0.684675 | ZC4: 0.684945 | ZD4: 0.68606 | ZE4: 0.687234 | ZF4: 0.686979 | ZG4: 0.687177 | ZH4: 0.687141 | ZI4: 0.686703 | ZJ4: 0.687409 | ZK4: 0.687149 | ZL4: 0.68477 | ZM4: 0.684286 | ZN4: 0.68563 | ZO4: 0.685308 | ZP4: 0.686033 | ZQ4: 0.686588 | ZR4: 0.687397 | ZS4: 0.686624 | ZT4: 0.686211 | ZU4: 0.686773 | ZV4: 0.687835 | ZW4: 0.690133 | ZX4: 0.692303 | ZY4: 0.692222 | ZZ4: 0.692439 | AAA4: 0.692679 | AAB4: 0.691754 | AAC4: 0.692011 | AAD4: 0.690623 | AAE4: 0.69195 | AAF4: 0.691981 | AAG4: 0.691105 | AAH4: 0.690205 | AAI4: 0.692898 | AAJ4: 0.693292 | AAK4: 0.694746 | AAL4: 0.693964 | AAM4: 0.694648 | AAN4: 0.695187 | AAO4: 0.695186 | AAP4: 0.695156 | AAQ4: 0.694022 | AAR4: 0.694957 | AAS4: 0.695024 | AAT4: 0.694424 | AAU4: 0.694566 | AAV4: 0.69595 | AAW4: 0.696253 | AAX4: 0.695943 | AAY4: 0.6964 | AAZ4: 0.696269 | ABA4: 0.695359 | ABB4: 0.694182 | ABC4: 0.693568 | ABD4: 0.694453 | ABE4: 0.69401 | ABF4: 0.692281 | ABG4: 0.692497 | ABH4: 0.691453 | ABI4: 0.691661 | ABJ4: 0.690712 | ABK4: 0.690512 | ABL4: 0.691955 | ABM4: 0.688142 | ABN4: 0.688487 | ABO4: 0.686829 | ABP4: 0.685274 | ABQ4: 0.687174 | ABR4: 0.686733 | ABS4: 0.6866 | ABT4: 0.686712 | ABU4: 0.685653 | ABV4: 0.684359 | ABW4: 0.684759 | ABX4: 0.684987 | ABY4: 0.687667 | ABZ4: 0.690388 | ACA4: 0.69053 | ACB4: 0.69211 | ACC4: 0.692225 | ACD4: 0.692898 | ACE4: 0.696885 | ACF4: 0.696164 | ACG4: 0.697323 | ACH4: 0.692317 | ACI4: 0.695525 | ACJ4: 0.695794 | ACK4: 0.693538 | ACL4: 0.694556 | ACM4: 0.693249 | ACN4: 0.695855 | ACO4: 0.694526 | ACP4: 0.694961 | ACQ4: 0.695619 | ACR4: 0.696405 | ACS4: 0.695098 | ACT4: 0.695805 | ACU4: 0.695805 | ACV4: 0.69662 | ACW4: 0.696558 | ACX4: 0.696769 | ACY4: 0.695432 | ACZ4: 0.694374 | ADA4: 0.69511 | ADB4: 0.698024 | ADC4: 0.696895 | ADD4: 0.698577 | ADE4: 0.699703 | ADF4: 0.69933 | ADG4: 0.702058 | ADH4: 0.702203 | ADI4: 0.704567 | ADJ4: 0.7032 | ADK4: 0.70479 | ADL4: 0.710493 | ADM4: 0.70894 | ADN4: 0.712917 | ADO4: 0.713821 | ADP4: 0.712701 | ADQ4: 0.714432 | ADR4: 0.718531 | ADS4: 0.71969 | ADT4: 0.717223 | ADU4: 0.717021 | ADV4: 0.718982 | ADW4: 0.717775 | ADX4: 0.719428 | ADY4: 0.719584 | ADZ4: 0.721914 | AEA4: 0.718921 | AEB4: 0.721501 | AEC4: 0.723563 | AED4: 0.724232 | AEE4: 0.724548 | AEF4: 0.726521 | AEG4: 0.728638 | AEH4: 0.726244 | AEI4: 0.725615 | AEJ4: 0.724174 | AEK4: 0.721803 | AEL4: 0.720996 | AEM4: 0.72001 | AEN4: 0.722261 | AEO4: 0.722053 | AEP4: 0.722667 | AEQ4: 0.725914 | AER4: 0.726719 | AES4: 0.72741 | AET4: 0.726827 | AEU4: 0.727193 | AEV4: 0.7265 | AEW4: 0.728331 | AEX4: 0.72595 | AEY4: 0.728704 | AEZ4: 0.726201 | AFA4: 0.725885 | AFB4: 0.725418 | AFC4: 0.723834 | AFD4: 0.72697 | AFE4: 0.725426 | AFF4: 0.725054 | AFG4: 0.725968 | AFH4: 0.72297 | AFI4: 0.723322 | AFJ4: 0.721039 | AFK4: 0.721612 | AFL4: 0.720589 | AFM4: 0.720964 | AFN4: 0.722865 | AFO4: 0.727648 | AFP4: 0.730492 | AFQ4: 0.730713 | AFR4: 0.730309 | AFS4: 0.731231 | AFT4: 0.731758 | AFU4: 0.73255 | AFV4: 0.731551 | AFW4: 0.731398 | AFX4: 0.730112 | AFY4: 0.728117 | AFZ4: 0.72889 | AGA4: 0.729829 | AGB4: 0.731252 | AGC4: 0.730353 | AGD4: 0.733297 | AGE4: 0.733225 | AGF4: 0.732318 | AGG4: 0.732866 | AGH4: 0.733247 | AGI4: 0.733385 | AGJ4: 0.731308 | AGK4: 0.729672 | AGL4: 0.72817 | AGM4: 0.725177 | AGN4: 0.721371 | AGO4: 0.721854 | AGP4: 0.721594 | AGQ4: 0.71578 | AGR4: 0.71765 | AGS4: 0.718551 | AGT4: 0.714639 | AGU4: 0.713188 | AGV4: 0.716642 | AGW4: 0.717026 | AGX4: 0.716336 | AGY4: 0.718539 | AGZ4: 0.718573 | AHA4: 0.719019 | AHB4: 0.718497 | AHC4: 0.721319 | AHD4: 0.72066 | AHE4: 0.722683 | AHF4: 0.721364 | AHG4: 0.722947 | AHH4: 0.717136 | AHI4: 0.715928 | AHJ4: 0.715354 | AHK4: 0.719223 | AHL4: 0.72057 | AHM4: 0.720102 | AHN4: 0.719806 | AHO4: 0.718373 | AHP4: 0.718644 | AHQ4: 0.719643 | AHR4: 0.719503 | AHS4: 0.718021 | AHT4: 0.717033 | AHU4: 0.717319 | AHV4: 0.718434 | AHW4: 0.720389 | AHX4: 0.720973 | AHY4: 0.720642 | AHZ4: 0.720515 | AIA4: 0.718911 | AIB4: 0.716686 | AIC4: 0.717879 | AID4: 0.71918 | AIE4: 0.71852 | AIF4: 0.72013 | AIG4: 0.724097 | AIH4: 0.725046 | AII4: 0.72676 | AIJ4: 0.72815 | AIK4: 0.727634 | AIL4: 0.727147 | AIM4: 0.729397 | AIN4: 0.729962 | AIO4: 0.730644 | AIP4: 0.732596 | AIQ4: 0.735545 | AIR4: 0.73563 | AIS4: 0.738399 | AIT4: 0.736043 | AIU4: 0.738084 | AIV4: 0.741305 | AIW4: 0.741957 | AIX4: 0.745532 | AIY4: 0.743702 | AIZ4: 0.742572 | AJA4: 0.738427 | AJB4: 0.739754 | AJC4: 0.739326 | AJD4: 0.737176 | AJE4: 0.739735 | AJF4: 0.735323 | AJG4: 0.7379 | AJH4: 0.739902 | AJI4: 0.740603 | AJJ4: 0.735419 | AJK4: 0.736752 | AJL4: 0.733009 | AJM4: 0.734959 | AJN4: 0.735464 | AJO4: 0.733366 | AJP4: 0.738283 | AJQ4: 0.739988 | AJR4: 0.740591 | AJS4: 0.739801 | AJT4: 0.739824 | AJU4: 0.738579 | AJV4: 0.737134 | AJW4: 0.736966 | AJX4: 0.735093 | AJY4: 0.734813 | AJZ4: 0.731851 | AKA4: 0.733569 | AKB4: 0.733584 | AKC4: 0.733006 | AKD4: 0.73515 | AKE4: 0.737409 | AKF4: 0.736914 | AKG4: 0.73305 | AKH4: 0.73318 | AKI4: 0.730691 | AKJ4: 0.731887 | AKK4: 0.732487 | AKL4: 0.73156 | AKM4: 0.732361 | AKN4: 0.735182 | AKO4: 0.731808 | AKP4: 0.730928 | AKQ4: 0.731214 | AKR4: 0.730285 | AKS4: 0.727512 | AKT4: 0.730238 | AKU4: 0.73007 | AKV4: 0.730662 | AKW4: 0.728599 | AKX4: 0.730036 | AKY4: 0.732786 | AKZ4: 0.731435 | ALA4: 0.733604 | ALB4: 0.732901 | ALC4: 0.733289 | ALD4: 0.730636 | ALE4: 0.723933 | ALF4: 0.725477 | ALG4: 0.72264 | ALH4: 0.722742 | ALI4: 0.725092 | ALJ4: 0.723419 | ALK4: 0.725571 | ALL4: 0.72568 | ALM4: 0.722413 | ALN4: 0.725057 | ALO4: 0.723716 | ALP4: 0.724661 | ALQ4: 0.725856 | ALR4: 0.728666 | ALS4: 0.728745 | ALT4: 0.727503 | ALU4: 0.729701 | ALV4: 0.728328 | ALW4: 0.73002 | ALX4: 0.729122 | ALY4: 0.730764 | ALZ4: 0.733234 | AMA4: 0.734409 | AMB4: 0.734301 | AMC4: 0.736535 | AMD4: 0.735326 | AME4: 0.736053 | AMF4: 0.736796 | AMG4: 0.737603 | AMH4: 0.741289 | AMI4: 0.741147 | AMJ4: 0.739168 | AMK4: 0.738584 | AML4: 0.737156 | AMM4: 0.741769 | AMN4: 0.742327 | AMO4: 0.734675 | AMP4: 0.737411 | AMQ4: 0.736026 | AMR4: 0.739753 | AMS4: 0.738744 | AMT4: 0.737779 | AMU4: 0.737926 | AMV4: 0.740406 | AMW4: 0.741152 | AMX4: 0.74452 | AMY4: 0.746967 | AMZ4: 0.749742 | ANA4: 0.749092 | ANB4: 0.749786 | ANC4: 0.747059 | AND4: 0.748063 | ANE4: 0.747219 | ANF4: 0.747384 | ANG4: 0.746711 | ANH4: 0.745385 | ANI4: 0.747299 | ANJ4: 0.746901 | ANK4: 0.745433 | ANL4: 0.740708 | ANM4: 0.738528 | ANN4: 0.735183 | ANO4: 0.737298 | ANP4: 0.739812 | ANQ4: 0.739337 | ANR4: 0.743295 | ANS4: 0.744221 | ANT4: 0.741292 | ANU4: 0.739549 | ANV4: 0.735129 | ANW4: 0.736777 | ANX4: 0.739194 | ANY4: 0.739211 | ANZ4: 0.740879 | AOA4: 0.738054 | AOB4: 0.741026 | AOC4: 0.74174 | AOD4: 0.741085 | AOE4: 0.742545 | AOF4: 0.741828 | AOG4: 0.742933 | AOH4: 0.743998 | AOI4: 0.740726 | AOJ4: 0.740396 | AOK4: 0.743493 | AOL4: 0.740612 | AOM4: 0.738814 | AON4: 0.740937 | AOO4: 0.740829 | AOP4: 0.741175 | AOQ4: 0.744486 | AOR4: 0.744896 | AOS4: 0.744628 | AOT4: 0.746163 | AOU4: 0.745696 | AOV4: 0.743817 | AOW4: 0.743519 | AOX4: 0.743146 | AOY4: 0.743892 | AOZ4: 0.744481 | APA4: 0.74557 | APB4: 0.744989 | APC4: 0.744567 | APD4: 0.74451 | APE4: 0.743411 | APF4: 0.74222 | APG4: 0.746249 | APH4: 0.748567 | API4: 0.749371 | APJ4: 0.749958 | APK4: 0.751795 | APL4: 0.750692 | APM4: 0.749526 | APN4: 0.747669 | APO4: 0.747104 | APP4: 0.742938 | APQ4: 0.7438 | APR4: 0.742946 | APS4: 0.741068 | APT4: 0.74289 | APU4: 0.741663 | APV4: 0.744218 | APW4: 0.741642 | APX4: 0.74032 | APY4: 0.7409 | APZ4: 0.741092 | AQA4: 0.743084 | AQB4: 0.741657 | AQC4: 0.743008 | AQD4: 0.74258 | AQE4: 0.743199 | AQF4: 0.741673 | AQG4: 0.740591 | AQH4: 0.74019 | AQI4: 0.739919 | AQJ4: 0.741832 | AQK4: 0.7421 | AQL4: 0.742946 | AQM4: 0.744552 | AQN4: 0.744886 | AQO4: 0.744498 | AQP4: 0.747401 | AQQ4: 0.746731 | AQR4: 0.746202 | AQS4: 0.744039 | AQT4: 0.744038 | AQU4: 0.744928 | AQV4: 0.745997 | AQW4: 0.744924 | AQX4: 0.748699 | AQY4: 0.748859 | AQZ4: 0.7486 | ARA4: 0.748109 | ARB4: 0.746765 | ARC4: 0.746249 | ARD4: 0.747091 | ARE4: 0.748845 | ARF4: 0.749189 | ARG4: 0.750252 | ARH4: 0.752967 | ARI4: 0.755889 | ARJ4: 0.758283 | ARK4: 0.754412 | ARL4: 0.751411 | ARM4: 0.74493 | ARN4: 0.744261 | ARO4: 0.747968 | ARP4: 0.74758 | ARQ4: 0.749501 | ARR4: 0.750819 | ARS4: 0.750989 | ART4: 0.752494 | ARU4: 0.751008 | ARV4: 0.750609 | ARW4: 0.753356 | ARX4: 0.751979 | ARY4: 0.752613 | ARZ4: 0.75253 | ASA4: 0.753228 | ASB4: 0.755254 | ASC4: 0.755546 | ASD4: 0.754572 | ASE4: 0.75249 | ASF4: 0.751841 | ASG4: 0.749707 | ASH4: 0.749726 | ASI4: 0.74766 | ASJ4: 0.749161 | ASK4: 0.750158 | ASL4: 0.751815 | ASM4: 0.748944 | ASN4: 0.749876 | ASO4: 0.750318 | ASP4: 0.749107 | ASQ4: 0.748752 | ASR4: 0.752169 | ASS4: 0.75458 | AST4: 0.753654 | ASU4: 0.750799 | ASV4: 0.751351 | ASW4: 0.752512 | ASX4: 0.754519 | ASY4: 0.755672 | ASZ4: 0.752734 | ATA4: 0.754426 | ATB4: 0.754756 | ATC4: 0.757307 | ATD4: 0.757008 | ATE4: 0.756121 | ATF4: 0.753474 | ATG4: 0.754377 | ATH4: 0.754587 | ATI4: 0.754477 | ATJ4: 0.75576 | ATK4: 0.753872 | ATL4: 0.752043 | ATM4: 0.745034 | ATN4: 0.741356 | ATO4: 0.742544 | ATP4: 0.736861 | ATQ4: 0.739233 | ATR4: 0.732318 | ATS4: 0.735131 | ATT4: 0.740681 | ATU4: 0.734412 | ATV4: 0.727771 | ATW4: 0.731139 | ATX4: 0.72893 | ATY4: 0.733101 | ATZ4: 0.729112 | AUA4: 0.73015 | AUB4: 0.728551 | AUC4: 0.731838 | AUD4: 0.732708 | AUE4: 0.731777 | AUF4: 0.726073 | AUG4: 0.729973 | AUH4: 0.726797 | AUI4: 0.729223 | AUJ4: 0.724753 | AUK4: 0.721522 | AUL4: 0.723824 | AUM4: 0.722685 | AUN4: 0.711584 | AUO4: 0.700092 | AUP4: 0.706614 | AUQ4: 0.710603 | AUR4: 0.710266 | AUS4: 0.709655 | AUT4: 0.709065 | AUU4: 0.701487 | AUV4: 0.703065 | AUW4: 0.70679 | AUX4: 0.70641 | AUY4: 0.710743 | AUZ4: 0.709907 | AVA4: 0.711713 | AVB4: 0.714857 | AVC4: 0.710393 | AVD4: 0.709579 | AVE4: 0.710051 | AVF4: 0.709595 | AVG4: 0.711245 | AVH4: 0.714049 | AVI4: 0.713446 | AVJ4: 0.713525 | AVK4: 0.717378 | AVL4: 0.721037 | AVM4: 0.720174 | AVN4: 0.722681 | AVO4: 0.720176 | AVP4: 0.716863 | AVQ4: 0.715662 | AVR4: 0.716394 | AVS4: 0.716005 | AVT4: 0.719178 | AVU4: 0.722842 | AVV4: 0.723605 | AVW4: 0.721393 | AVX4: 0.72348 | AVY4: 0.723323 | AVZ4: 0.724551 | AWA4: 0.721588 | AWB4: 0.718618 | AWC4: 0.715092 | AWD4: 0.715383 | AWE4: 0.718169 | AWF4: 0.71674 | AWG4: 0.714727 | AWH4: 0.71357 | AWI4: 0.711537 | AWJ4: 0.709632 | AWK4: 0.71036 | AWL4: 0.710042 | AWM4: 0.711353 | AWN4: 0.70954 | AWO4: 0.710135 | AWP4: 0.712935 | AWQ4: 0.712151 | AWR4: 0.71331 | AWS4: 0.712972 | AWT4: 0.711852 | AWU4: 0.710846 | AWV4: 0.710215 | AWW4: 0.708771 | AWX4: 0.70608 | AWY4: 0.707354 | AWZ4: 0.708895 | AXA4: 0.7104 | AXB4: 0.708035 | AXC4: 0.714717 | AXD4: 0.709481 | AXE4: 0.71219 | AXF4: 0.710598 | AXG4: 0.71414 | AXH4: 0.712057 | AXI4: 0.713212 | AXJ4: 0.712669 | AXK4: 0.713483 | AXL4: 0.713617 | AXM4: 0.712758 | AXN4: 0.714698 | AXO4: 0.718308 | AXP4: 0.719541 | AXQ4: 0.719135 | AXR4: 0.717885 | AXS4: 0.716867 | AXT4: 0.719371 | AXU4: 0.717408 | AXV4: 0.719801 | AXW4: 0.71968 | AXX4: 0.720208 | AXY4: 0.719786 | AXZ4: 0.721348 | AYA4: 0.721165 | AYB4: 0.725499 | AYC4: 0.724831 | AYD4: 0.726571 | AYE4: 0.728164 | AYF4: 0.734614 | AYG4: 0.733846 | AYH4: 0.734202 | AYI4: 0.732928 | AYJ4: 0.732298 | AYK4: 0.732172 | AYL4: 0.735718 | AYM4: 0.735337 | AYN4: 0.738716 | AYO4: 0.738938 | AYP4: 0.735948 | AYQ4: 0.737073 | AYR4: 0.733194 | AYS4: 0.734254 | AYT4: 0.732038 | AYU4: 0.730568 | AYV4: 0.732846 | AYW4: 0.731389 | AYX4: 0.729753 | AYY4: 0.730129 | AYZ4: 0.731888 | AZA4: 0.732049 | AZB4: 0.729956 | AZC4: 0.731148 | AZD4: 0.734461 | AZE4: 0.737064 | AZF4: 0.737938 | AZG4: 0.736463 | AZH4: 0.736398 | AZI4: 0.737738 | AZJ4: 0.74072 | AZK4: 0.740802 | AZL4: 0.738103 | AZM4: 0.73758 | AZN4: 0.738733 | AZO4: 0.735129 | AZP4: 0.73689 | AZQ4: 0.73535 | AZR4: 0.735585 | AZS4: 0.737073 | AZT4: 0.736879 | AZU4: 0.736834 | AZV4: 0.739596 | AZW4: 0.740726 | AZX4: 0.738952 | AZY4: 0.738778 | AZZ4: 0.738972 | BAA4: 0.738007 | BAB4: 0.739144 | BAC4: 0.740069 | BAD4: 0.741056 | BAE4: 0.741865 | BAF4: 0.738682 | BAG4: 0.735676 | BAH4: 0.73615 | BAI4: 0.737437 | BAJ4: 0.737818 | BAK4: 0.739736 | BAL4: 0.740429 | BAM4: 0.740896 | BAN4: 0.741594 | BAO4: 0.740884 | BAP4: 0.743715 | BAQ4: 0.743398 | BAR4: 0.744362 | BAS4: 0.7451 | BAT4: 0.743225 | BAU4: 0.743576 | BAV4: 0.746406 | BAW4: 0.743585 | BAX4: 0.745179 | BAY4: 0.745246 | BAZ4: 0.745645 | BBA4: 0.746277 | BBB4: 0.747884 | BBC4: 0.747378 | BBD4: 0.746286 | BBE4: 0.742461 | BBF4: 0.742715 | BBG4: 0.740712 | BBH4: 0.743339 | BBI4: 0.74542 | BBJ4: 0.74696 | BBK4: 0.746387 | BBL4: 0.746211 | BBM4: 0.748035 | BBN4: 0.748377 | BBO4: 0.749888 | BBP4: 0.749081 | BBQ4: 0.745575 | BBR4: 0.747269 | BBS4: 0.747742 | BBT4: 0.748574 | BBU4: 0.747924 | BBV4: 0.750835 | BBW4: 0.751719 | BBX4: 0.752601 | BBY4: 0.752773 | BBZ4: 0.753931 | BCA4: 0.754071 | BCB4: 0.755531 | BCC4: 0.753606 | BCD4: 0.752582 | BCE4: 0.751366 | BCF4: 0.751606 | BCG4: 0.752054 | BCH4: 0.744785 | BCI4: 0.74415 | BCJ4: 0.741312 | BCK4: 0.739734 | BCL4: 0.735344 | BCM4: 0.737414 | BCN4: 0.737467 | BCO4: 0.734182 | BCP4: 0.733026 | BCQ4: 0.732092 | BCR4: 0.733993 | BCS4: 0.730758 | BCT4: 0.730238 | BCU4: 0.731798 | BCV4: 0.733868 | BCW4: 0.731494 | BCX4: 0.733256 | BCY4: 0.735529 | BCZ4: 0.73343 | BDA4: 0.735289 | BDB4: 0.736624 | BDC4: 0.734834 | BDD4: 0.732794 | BDE4: 0.728859 | BDF4: 0.729781 | BDG4: 0.733541 | BDH4: 0.734903 | BDI4: 0.734638 | BDJ4: 0.73499 | BDK4: 0.734631 | BDL4: 0.730004 | BDM4: 0.728038 | BDN4: 0.726836 | BDO4: 0.727307 | BDP4: 0.729344 | BDQ4: 0.732155 | BDR4: 0.730655 | BDS4: 0.727238 | BDT4: 0.728758 | BDU4: 0.729553 | BDV4: 0.729538 | BDW4: 0.725831 | BDX4: 0.725406 | BDY4: 0.72835 | BDZ4: 0.729624 | BEA4: 0.724884 | BEB4: 0.722639 | BEC4: 0.723483 | BED4: 0.723097 | BEE4: 0.724044 | BEF4: 0.724967 | BEG4: 0.72466 | BEH4: 0.720621 | BEI4: 0.71903 | BEJ4: 0.719056 | BEK4: 0.721111 | BEL4: 0.720577 | BEM4: 0.722174 | BEN4: 0.723011 | BEO4: 0.722245 | BEP4: 0.721422 | BEQ4: 0.720879 | BER4: 0.720162 | BES4: 0.71609 | BET4: 0.715322 | BEU4: 0.716488 | BEV4: 0.71835 | BEW4: 0.717985 | BEX4: 0.7168 | BEY4: 0.719495 | BEZ4: 0.71922 | BFA4: 0.718955 | BFB4: 0.721559 | BFC4: 0.72426 | BFD4: 0.720478 | BFE4: 0.722349 | BFF4: 0.72136 | BFG4: 0.722895 | BFH4: 0.726241 | BFI4: 0.727182 | BFJ4: 0.725941 | BFK4: 0.726056 | BFL4: 0.725881 | BFM4: 0.72664 | BFN4: 0.727597 | BFO4: 0.727968 | BFP4: 0.726223 | BFQ4: 0.726991 | BFR4: 0.729394 | BFS4: 0.727901 | BFT4: 0.726833 | BFU4: 0.728825 | BFV4: 0.729162 | BFW4: 0.731103 | BFX4: 0.728364 | BFY4: 0.730126 | BFZ4: 0.729158 | BGA4: 0.730022 | BGB4: 0.730471 | BGC4: 0.727845 | BGD4: 0.726172 | BGE4: 0.725791 | BGF4: 0.727083 | BGG4: 0.726917 | BGH4: 0.727544 | BGI4: 0.730619 | BGJ4: 0.732025 | BGK4: 0.727905 | BGL4: 0.728212 | BGM4: 0.730198 | BGN4: 0.728723 | BGO4: 0.72821 | BGP4: 0.727667 | BGQ4: 0.727427 | BGR4: 0.727212 | BGS4: 0.728675 | BGT4: 0.728131 | BGU4: 0.729422 | BGV4: 0.728591 | BGW4: 0.726696 | BGX4: 0.723608 | BGY4: 0.723627 | BGZ4: 0.724439 | BHA4: 0.727113 | BHB4: 0.727964 | BHC4: 0.727992 | BHD4: 0.727408 | BHE4: 0.727922 | BHF4: 0.728693 | BHG4: 0.730418 | BHH4: 0.73166 | BHI4: 0.732035 | BHJ4: 0.730754 | BHK4: 0.728903 | BHL4: 0.730897 | BHM4: 0.732883 | BHN4: 0.733032 | BHO4: 0.733533 | BHP4: 0.735643 | BHQ4: 0.739166 | BHR4: 0.743465 | BHS4: 0.744247 | BHT4: 0.74417 | BHU4: 0.741912 | BHV4: 0.743729 | BHW4: 0.742725 | BHX4: 0.740652 | BHY4: 0.74086 | BHZ4: 0.744681 | BIA4: 0.741878 | BIB4: 0.744331 | BIC4: 0.74368 | BID4: 0.74217 | BIE4: 0.744673 | BIF4: 0.745665 | BIG4: 0.742117 | BIH4: 0.741027 | BII4: 0.743389 | BIJ4: 0.746297 | BIK4: 0.746809 | BIL4: 0.74667 | BIM4: 0.746737 | BIN4: 0.743895 | BIO4: 0.746249 | BIP4: 0.745927 | BIQ4: 0.747441 | BIR4: 0.747332 | BIS4: 0.745084 | BIT4: 0.745256 | BIU4: 0.741977 | BIV4: 0.743623 | BIW4: 0.743754 | BIX4: 0.742802 | BIY4: 0.743599 | BIZ4: 0.744914 | BJA4: 0.744095 | BJB4: 0.747048 | BJC4: 0.746677 | BJD4: 0.743884 | BJE4: 0.742495 | BJF4: 0.74402 | BJG4: 0.744455 | BJH4: 0.743904 | BJI4: 0.74246 | BJJ4: 0.743755 | BJK4: 0.744179 | BJL4: 0.741899 | BJM4: 0.742601 | BJN4: 0.744145 | BJO4: 0.74605 | BJP4: 0.745756 | BJQ4: 0.744593 | BJR4: 0.744931 | BJS4: 0.745617 | BJT4: 0.741581 | BJU4: 0.744338 | BJV4: 0.745709 | BJW4: 0.747312 | BJX4: 0.749102 | BJY4: 0.748444 | BJZ4: 0.750256 | BKA4: 0.753481 | BKB4: 0.753321 | BKC4: 0.75803 | BKD4: 0.759726 | BKE4: 0.759372 | BKF4: 0.762537 | BKG4: 0.763797 | BKH4: 0.763391 | BKI4: 0.764913 | BKJ4: 0.764956 | BKK4: 0.761919 | BKL4: 0.76337 | BKM4: 0.763171 | BKN4: 0.76238 | BKO4: 0.76431 | BKP4: 0.768493 | BKQ4: 0.768955 | BKR4: 0.768158 | BKS4: 0.764067 | BKT4: 0.762041 | BKU4: 0.762914 | BKV4: 0.764674 | BKW4: 0.762059 | BKX4: 0.758747 | BKY4: 0.754883 | BKZ4: 0.757567 | BLA4: 0.758892 | BLB4: 0.758276 | BLC4: 0.754408 | BLD4: 0.752895 | BLE4: 0.748297 | BLF4: 0.748688 | BLG4: 0.751341 | BLH4: 0.751197 | BLI4: 0.750038 | BLJ4: 0.749784 | BLK4: 0.750957 | BLL4: 0.749731 | BLM4: 0.747618 | BLN4: 0.749945 | BLO4: 0.750984 | BLP4: 0.752932 | BLQ4: 0.751512 | BLR4: 0.754546 | BLS4: 0.753254 | BLT4: 0.752465 | BLU4: 0.748243 | BLV4: 0.747787 | BLW4: 0.751413 | BLX4: 0.751672 | BLY4: 0.750201 | BLZ4: 0.750942 | BMA4: 0.753018 | BMB4: 0.751714 | BMC4: 0.750952 | BMD4: 0.753263 | BME4: 0.756084 | BMF4: 0.757511 | BMG4: 0.757011 | BMH4: 0.757154 | BMI4: 0.760614 | BMJ4: 0.760571 | BMK4: 0.757223 | BML4: 0.757485 | BMM4: 0.756247 | BMN4: 0.756544 | BMO4: 0.756748 | BMP4: 0.759684 | BMQ4: 0.761414 | BMR4: 0.761475 | BMS4: 0.763623 | BMT4: 0.765161 | BMU4: 0.764034 | BMV4: 0.763368 | BMW4: 0.763922 | BMX4: 0.764984 | BMY4: 0.763953 | BMZ4: 0.76234 | BNA4: 0.765127 | BNB4: 0.76313 | BNC4: 0.763546 | BND4: 0.762523 | BNE4: 0.763224 | BNF4: 0.764708 | BNG4: 0.766244 | BNH4: 0.765973 | BNI4: 0.764597 | BNJ4: 0.764339 | BNK4: 0.763945 | BNL4: 0.764668 | BNM4: 0.767954 | BNN4: 0.766402 | BNO4: 0.767649 | BNP4: 0.763573 | BNQ4: 0.767866 | BNR4: 0.768321 | BNS4: 0.771478 | BNT4: 0.771498 | BNU4: 0.775876 | BNV4: 0.776205 | BNW4: 0.77618 | BNX4: 0.775052 | BNY4: 0.777282 | BNZ4: 0.778748 | BOA4: 0.779013 | BOB4: 0.779401 | BOC4: 0.777763 | BOD4: 0.771341 | BOE4: 0.770727 | BOF4: 0.770728 | BOG4: 0.769509 | BOH4: 0.769248 | BOI4: 0.770481 | BOJ4: 0.770401 | BOK4: 0.772426 | BOL4: 0.773661 | BOM4: 0.774517 | BON4: 0.774557 | BOO4: 0.77547 | BOP4: 0.772915 | BOQ4: 0.772623 | BOR4: 0.773396 | BOS4: 0.773058 | BOT4: 0.778337 | BOU4: 0.779228 | BOV4: 0.777799 | BOW4: 0.779696 | BOX4: 0.779841 | BOY4: 0.781648 | BOZ4: 0.781203 | BPA4: 0.782882 | BPB4: 0.784151 | BPC4: 0.783422 | BPD4: 0.778022 | BPE4: 0.781651 | BPF4: 0.777947 | BPG4: 0.774901 | BPH4: 0.772669 | BPI4: 0.773422 | BPJ4: 0.776152 | BPK4: 0.778061 | BPL4: 0.778735 | BPM4: 0.776166 | BPN4: 0.776614 | BPO4: 0.777108 | BPP4: 0.778074 | BPQ4: 0.779217 | BPR4: 0.780333 | BPS4: 0.781239 | BPT4: 0.782897 | BPU4: 0.784153 | BPV4: 0.78546 | BPW4: 0.786449 | BPX4: 0.787771 | BPY4: 0.783533 | BPZ4: 0.779846 | BQA4: 0.780052 | BQB4: 0.778709 | BQC4: 0.774208 | BQD4: 0.775254 | BQE4: 0.775629 | BQF4: 0.772464 | BQG4: 0.773681 | BQH4: 0.774898 | BQI4: 0.776413 | BQJ4: 0.778816 | BQK4: 0.77559 | BQL4: 0.772361 | BQM4: 0.773031 | BQN4: 0.774436 | BQO4: 0.771966 | BQP4: 0.768769 | BQQ4: 0.766468 | BQR4: 0.766882 | BQS4: 0.766463 | BQT4: 0.767849 | BQU4: 0.767514 | BQV4: 0.763938 | BQW4: 0.760264 | BQX4: 0.762601 | BQY4: 0.762511 | BQZ4: 0.763279 | BRA4: 0.76606 | BRB4: 0.766484 | BRC4: 0.764086 | BRD4: 0.764567 | BRE4: 0.768774 | BRF4: 0.768979 | BRG4: 0.769392 | BRH4: 0.769351 | BRI4: 0.768509 | BRJ4: 0.77099 | BRK4: 0.768075 | BRL4: 0.771894 | BRM4: 0.776365 | BRN4: 0.77174 | BRO4: 0.774109 | BRP4: 0.774413 | BRQ4: 0.770541 | BRR4: 0.766025 | BRS4: 0.766015 | BRT4: 0.766369 | BRU4: 0.767733 | BRV4: 0.769829 | BRW4: 0.773323 | BRX4: 0.774524 | BRY4: 0.773204 | BRZ4: 0.772414 | BSA4: 0.77366 | BSB4: 0.777042 | BSC4: 0.774259 | BSD4: 0.772345 | BSE4: 0.777108 | BSF4: 0.775808 | BSG4: 0.77775 | BSH4: 0.77846 | BSI4: 0.776865 | BSJ4: 0.775292 | BSK4: 0.773709 | BSL4: 0.77302 | BSM4: 0.770812 | BSN4: 0.773043 | BSO4: 0.773069 | BSP4: 0.773126 | BSQ4: 0.772851 | BSR4: 0.771962 | BSS4: 0.77475 | BST4: 0.776488 | BSU4: 0.777788 | BSV4: 0.782271 | BSW4: 0.787214 | BSX4: 0.785516 | BSY4: 0.785616 | BSZ4: 0.787522 | BTA4: 0.790141 | BTB4: 0.788019 | BTC4: 0.78816 | BTD4: 0.787137 | BTE4: 0.788617 | BTF4: 0.789356 | BTG4: 0.793241 | BTH4: 0.795516 | BTI4: 0.793517 | BTJ4: 0.789001 | BTK4: 0.786557 | BTL4: 0.788413 | BTM4: 0.78703 | BTN4: 0.787898 | BTO4: 0.789944 | BTP4: 0.790122 | BTQ4: 0.789804 | BTR4: 0.79092 | BTS4: 0.792513 | BTT4: 0.792241 | BTU4: 0.789199 | BTV4: 0.784669 | BTW4: 0.784667 | BTX4: 0.78547 | BTY4: 0.787032 | BTZ4: 0.785994 | BUA4: 0.785831 | BUB4: 0.790019 | BUC4: 0.789999 | BUD4: 0.787969 | BUE4: 0.787874 | BUF4: 0.786837 | BUG4: 0.786385 | BUH4: 0.788456 | BUI4: 0.790311 | BUJ4: 0.789463 | BUK4: 0.792764 | BUL4: 0.793682 | BUM4: 0.793456 | BUN4: 0.791554 | BUO4: 0.790902 | BUP4: 0.792703 | BUQ4: 0.792859 | BUR4: 0.793947 | BUS4: 0.79609 | BUT4: 0.794909 | BUU4: 0.796239 | BUV4: 0.796366 | BUW4: 0.796382 | BUX4: 0.796284 | BUY4: 0.797305 | BUZ4: 0.797217 | BVA4: 0.796577 | BVB4: 0.799625 | BVC4: 0.798484 | BVD4: 0.800649 | BVE4: 0.801153 | BVF4: 0.801707 | BVG4: 0.802813 | BVH4: 0.800875 | BVI4: 0.800772 | BVJ4: 0.794913 | BVK4: 0.79928 | BVL4: 0.799988 | BVM4: 0.801534 | BVN4: 0.800481 | BVO4: 0.800787 | BVP4: 0.798305 | BVQ4: 0.798401 | BVR4: 0.798262 | BVS4: 0.801627 | BVT4: 0.802795 | BVU4: 0.802673 | BVV4: 0.802926 | BVW4: 0.804011 | BVX4: 0.805584 | BVY4: 0.807 | BVZ4: 0.804586 | BWA4: 0.802116 | BWB4: 0.798996 | BWC4: 0.801149 | BWD4: 0.800906 | BWE4: 0.801579 | BWF4: 0.80314 | BWG4: 0.799123 | BWH4: 0.794491 | BWI4: 0.793417 | BWJ4: 0.795551 | BWK4: 0.795536 | BWL4: 0.794103 | BWM4: 0.792675 | BWN4: 0.793532 | BWO4: 0.795212 | BWP4: 0.794447 | BWQ4: 0.792766 | BWR4: 0.791979 | BWS4: 0.792165 | BWT4: 0.792553 | BWU4: 0.794476 | BWV4: 0.794139 | BWW4: 0.790762 | BWX4: 0.78758 | BWY4: 0.785727 | BWZ4: 0.787779 | BXA4: 0.781019 | BXB4: 0.777996 | BXC4: 0.77925 | BXD4: 0.779426 | BXE4: 0.779012 | BXF4: 0.776006 | BXG4: 0.780401 | BXH4: 0.780311 | BXI4: 0.780376 | BXJ4: 0.78241 | BXK4: 0.778472 | BXL4: 0.779685 | BXM4: 0.776261 | BXN4: 0.779123 | BXO4: 0.782588 | BXP4: 0.785499 | BXQ4: 0.786807 | BXR4: 0.78444 | BXS4: 0.780381 | BXT4: 0.784708 | BXU4: 0.779456 | BXV4: 0.779242 | BXW4: 0.775342 | BXX4: 0.771046 | BXY4: 0.772492 | BXZ4: 0.772195 | BYA4: 0.77247 | BYB4: 0.773754 | BYC4: 0.775431 | BYD4: 0.77449 | BYE4: 0.773105 | BYF4: 0.774949 | BYG4: 0.77579 | BYH4: 0.777605 | BYI4: 0.777419 | BYJ4: 0.777164 | BYK4: 0.777886 | BYL4: 0.776683 | BYM4: 0.775337 | BYN4: 0.775919 | BYO4: 0.779409 | BYP4: 0.781633 | BYQ4: 0.7828 | BYR4: 0.780208 | BYS4: 0.783219 | BYT4: 0.783313 | BYU4: 0.783374 | BYV4: 0.783961 | BYW4: 0.785606 | BYX4: 0.789749 | BYY4: 0.788181 | BYZ4: 0.789099 | BZA4: 0.787859 | BZB4: 0.784846 | BZC4: 0.781932 | BZD4: 0.782426 | BZE4: 0.780642 | BZF4: 0.781515 | BZG4: 0.785439 | BZH4: 0.783677 | BZI4: 0.781577 | BZJ4: 0.783244 | BZK4: 0.785411 | BZL4: 0.784802 | BZM4: 0.787568 | BZN4: 0.790391 | BZO4: 0.789873 | BZP4: 0.790122 | BZQ4: 0.79275 | BZR4: 0.791229 | BZS4: 0.792081 | BZT4: 0.793854 | BZU4: 0.794394 | BZV4: 0.792718 | BZW4: 0.7944 | BZX4: 0.791934 | BZY4: 0.789214 | BZZ4: 0.789841 | CAA4: 0.789265 | CAB4: 0.789734 | CAC4: 0.789929 | CAD4: 0.792087 | CAE4: 0.790453 | CAF4: 0.791868 | CAG4: 0.791177 | CAH4: 0.789446 | CAI4: 0.78886 | CAJ4: 0.787877 | CAK4: 0.786942 | CAL4: 0.78842 | CAM4: 0.790286 | CAN4: 0.790598 | CAO4: 0.792175 | CAP4: 0.797103 | CAQ4: 0.797103 | CAR4: 0.797324 | CAS4: 0.797152 | CAT4: 0.796419 | CAU4: 0.795716 | CAV4: 0.795716 | CAW4: 0.791831 | CAX4: 0.791375 | CAY4: 0.793312 | CAZ4: 0.795998 | CBA4: 0.796227 | CBB4: 0.795069 | CBC4: 0.795038 | CBD4: 0.794925 | CBE4: 0.79397 | CBF4: 0.793985 | CBG4: 0.797694 | CBH4: 0.798364 | CBI4: 0.798883 | CBJ4: 0.798046 | CBK4: 0.799788 | CBL4: 0.798883 | CBM4: 0.802348 | CBN4: 0.805773 | CBO4: 0.807381 | CBP4: 0.806196 | CBQ4: 0.803894 | CBR4: 0.805125 | CBS4: 0.806951 | CBT4: 0.805338 | CBU4: 0.802925 | CBV4: 0.804408 | CBW4: 0.805292 | CBX4: 0.803225 | CBY4: 0.802029 | CBZ4: 0.801952 | CCA4: 0.800371 | CCB4: 0.802723 | CCC4: 0.802555 | CCD4: 0.802022 | CCE4: 0.803893 | CCF4: 0.801487 | CCG4: 0.803003 | CCH4: 0.803323 | CCI4: 0.802204 | CCJ4: 0.804034 | CCK4: 0.805904 | CCL4: 0.805396 | CCM4: 0.803962 | CCN4: 0.804393 | CCO4: 0.802964 | CCP4: 0.802026 | CCQ4: 0.797888 | CCR4: 0.796597 | CCS4: 0.798669 | CCT4: 0.799193 | CCU4: 0.799396 | CCV4: 0.796688 | CCW4: 0.796075 | CCX4: 0.79902 | CCY4: 0.797522 | CCZ4: 0.79946 | CDA4: 0.797465 | CDB4: 0.799561 | CDC4: 0.801138 | CDD4: 0.801987 | CDE4: 0.800882 | CDF4: 0.802043 | CDG4: 0.801981 | CDH4: 0.799041 | CDI4: 0.800152 | CDJ4: 0.79953 | CDK4: 0.798331 | CDL4: 0.799007 | CDM4: 0.798712 | CDN4: 0.799384 | CDO4: 0.797008 | CDP4: 0.798567 | CDQ4: 0.79851 | CDR4: 0.79792 | CDS4: 0.79818 | CDT4: 0.794913 | CDU4: 0.794664 | CDV4: 0.793597 | CDW4: 0.794325 | CDX4: 0.794516 | CDY4: 0.793577 | CDZ4: 0.790069 | CEA4: 0.790243 | CEB4: 0.787369 | CEC4: 0.788826 | CED4: 0.788811 | CEE4: 0.787434 | CEF4: 0.786257 | CEG4: 0.783114 | CEH4: 0.784438 | CEI4: 0.786495 | CEJ4: 0.787581 | CEK4: 0.78491 | CEL4: 0.783918 | CEM4: 0.787628 | CEN4: 0.788787 | CEO4: 0.785843 | CEP4: 0.78379 | CEQ4: 0.781271 | CER4: 0.781317 | CES4: 0.778593 | CET4: 0.779883 | CEU4: 0.781599 | CEV4: 0.781207 | CEW4: 0.778958 | CEX4: 0.777524 | CEY4: 0.77528 | CEZ4: 0.774798 | CFA4: 0.774743 | CFB4: 0.774189 | CFC4: 0.775955 | CFD4: 0.776132 | CFE4: 0.774166 | CFF4: 0.773878 | CFG4: 0.774464 | CFH4: 0.773694 | CFI4: 0.775163 | CFJ4: 0.771874 | CFK4: 0.773175 | CFL4: 0.772109 | CFM4: 0.768541 | CFN4: 0.768077 | CFO4: 0.7653 | CFP4: 0.760093 | CFQ4: 0.762706 | CFR4: 0.75453 | CFS4: 0.757252 | CFT4: 0.751617 | CFU4: 0.755108 | CFV4: 0.757437 | CFW4: 0.758099 | CFX4: 0.7588 | CFY4: 0.760392 | CFZ4: 0.755307 | CGA4: 0.752811 | CGB4: 0.750879 | CGC4: 0.753169 | CGD4: 0.752134 | CGE4: 0.748257 | CGF4: 0.743581 | CGG4: 0.746074 | CGH4: 0.746864 | CGI4: 0.743347 | CGJ4: 0.744929 | CGK4: 0.751046 | CGL4: 0.75057 | CGM4: 0.747545 | CGN4: 0.747328 | CGO4: 0.754986 | CGP4: 0.754428 | CGQ4: 0.756153 | CGR4: 0.758222 | CGS4: 0.752101 | CGT4: 0.753505 | CGU4: 0.760525 | CGV4: 0.760704 | CGW4: 0.761605 | CGX4: 0.760025 | CGY4: 0.758708 | CGZ4: 0.75684 | CHA4: 0.752153 | CHB4: 0.755969 | CHC4: 0.75487 | CHD4: 0.755837 | CHE4: 0.757747 | CHF4: 0.756894 | CHG4: 0.757494 | CHH4: 0.760935 | CHI4: 0.759187 | CHJ4: 0.757271 | CHK4: 0.756009 | CHL4: 0.75387 | CHM4: 0.753288 | CHN4: 0.754504 | CHO4: 0.750825 | CHP4: 0.750905 | CHQ4: 0.749258 | CHR4: 0.751367 | CHS4: 0.754846 | CHT4: 0.75712 | CHU4: 0.757319 | CHV4: 0.757194 | CHW4: 0.755484 | CHX4: 0.761687 | CHY4: 0.763694 | CHZ4: 0.760042 | CIA4: 0.757572 | CIB4: 0.758676 | CIC4: 0.757517 | CID4: 0.759423 | CIE4: 0.758712 | CIF4: 0.758403 | CIG4: 0.758628 | CIH4: 0.756033 | CII4: 0.755326 | CIJ4: 0.75739 | CIK4: 0.755548 | CIL4: 0.756191 | CIM4: 0.759501 | CIN4: 0.758884 | CIO4: 0.759682 | CIP4: 0.756212 | CIQ4: 0.757693 | CIR4: 0.75723 | CIS4: 0.759275 | CIT4: 0.759291 | CIU4: 0.760766 | CIV4: 0.762639 | CIW4: 0.761649 | CIX4: 0.762152 | CIY4: 0.760918 | CIZ4: 0.761724 | CJA4: 0.760211 | CJB4: 0.761483 | CJC4: 0.757435 | CJD4: 0.757578 | CJE4: 0.756639 | CJF4: 0.753923 | CJG4: 0.754679 | CJH4: 0.75176 | CJI4: 0.754147 | CJJ4: 0.751641 | CJK4: 0.747804 | CJL4: 0.744792 | CJM4: 0.746241 | CJN4: 0.7479 | CJO4: 0.747939 | CJP4: 0.750381 | CJQ4: 0.748636 | CJR4: 0.747143 | CJS4: 0.752004 | CJT4: 0.751728 | CJU4: 0.751563 | CJV4: 0.75526 | CJW4: 0.754221 | CJX4: 0.754827 | CJY4: 0.754892 | CJZ4: 0.755243 | CKA4: 0.758151 | CKB4: 0.755023 | CKC4: 0.753523 | CKD4: 0.75491 | CKE4: 0.754088 | CKF4: 0.749784 | CKG4: 0.74944 | CKH4: 0.751123 | CKI4: 0.749056 | CKJ4: 0.745436 | CKK4: 0.744981 | CKL4: 0.742062 | CKM4: 0.743932 | CKN4: 0.742242 | CKO4: 0.743102 | CKP4: 0.741833 | CKQ4: 0.742596 | CKR4: 0.742596 | CKS4: 0.740519 | CKT4: 0.739957 | CKU4: 0.738237 | CKV4: 0.735552 | CKW4: 0.736561 | CKX4: 0.740139 | CKY4: 0.735686 | CKZ4: 0.738998 | CLA4: 0.739325 | CLB4: 0.735526 | CLC4: 0.735923 | CLD4: 0.73516 | CLE4: 0.733643 | CLF4: 0.735106 | CLG4: 0.733661 | CLH4: 0.731042 | CLI4: 0.731782 | CLJ4: 0.732467 | CLK4: 0.730407 | CLL4: 0.728682 | CLM4: 0.727625 | CLN4: 0.724477 | CLO4: 0.72735 | CLP4: 0.724881 | CLQ4: 0.728509 | CLR4: 0.726458 | CLS4: 0.730064 | CLT4: 0.727746 | CLU4: 0.724112 | CLV4: 0.727485 | CLW4: 0.729518 | CLX4: 0.728491 | CLY4: 0.7328 | CLZ4: 0.731233 | CMA4: 0.730706 | CMB4: 0.729696 | CMC4: 0.732499 | CMD4: 0.731652 | CME4: 0.731671 | CMF4: 0.729945 | CMG4: 0.728331 | CMH4: 0.730717 | CMI4: 0.729175 | CMJ4: 0.730429 | CMK4: 0.728084 | CML4: 0.729476 | CMM4: 0.730024 | CMN4: 0.726811 | CMO4: 0.724662 | CMP4: 0.724803 | CMQ4: 0.722562 | CMR4: 0.722265 | CMS4: 0.721946 | CMT4: 0.722075 | CMU4: 0.726486 | CMV4: 0.7301 | CMW4: 0.72957 | CMX4: 0.736752 | CMY4: 0.736147 | CMZ4: 0.736199 | CNA4: 0.737989 | CNB4: 0.735871 | CNC4: 0.733672 | CND4: 0.735673 | CNE4: 0.73318 | CNF4: 0.7337 | CNG4: 0.727914 | CNH4: 0.728093 | CNI4: 0.729733 | CNJ4: 0.73394 | CNK4: 0.734106 | CNL4: 0.738371 | CNM4: 0.735569 | CNN4: 0.733749 | CNO4: 0.732261 | CNP4: 0.733284 | CNQ4: 0.733457 | CNR4: 0.732834 | CNS4: 0.731197 | CNT4: 0.728246 | CNU4: 0.729435 | CNV4: 0.731423 | CNW4: 0.727321 | CNX4: 0.728412 | CNY4: 0.725907 | CNZ4: 0.727521 | COA4: 0.725085 | COB4: 0.726917 | COC4: 0.722589 | COD4: 0.720484 | COE4: 0.718485 | COF4: 0.71825 | COG4: 0.716402 | COH4: 0.714326 | COI4: 0.714903 | COJ4: 0.71261 | COK4: 0.709591 | COL4: 0.711617 | COM4: 0.711801 | CON4: 0.710956 | COO4: 0.712073 | COP4: 0.705162 | COQ4: 0.707399 | COR4: 0.705476 | COS4: 0.706603 | COT4: 0.704057 | COU4: 0.703964 | COV4: 0.701163 | COW4: 0.70673 | COX4: 0.70635 | COY4: 0.704249 | COZ4: 0.707701 | CPA4: 0.707324 | CPB4: 0.707512 | CPC4: 0.707643 | CPD4: 0.702874 | CPE4: 0.706515 | CPF4: 0.705866 | CPG4: 0.704504 | CPH4: 0.703859 | CPI4: 0.703703 | CPJ4: 0.700758 | CPK4: 0.702552 | CPL4: 0.704704 | CPM4: 0.70745 | CPN4: 0.705702 | CPO4: 0.709466 | CPP4: 0.708202 | CPQ4: 0.708367 | CPR4: 0.711196 | CPS4: 0.713365 | CPT4: 0.713848 | CPU4: 0.710393 | CPV4: 0.709904 | CPW4: 0.711204 | CPX4: 0.710436 | CPY4: 0.713341 | CPZ4: 0.716535 | CQA4: 0.714614 | CQB4: 0.714636 | CQC4: 0.715093 | CQD4: 0.716379 | CQE4: 0.715688 | CQF4: 0.721762 | CQG4: 0.719512 | CQH4: 0.721086 | CQI4: 0.718406 | CQJ4: 0.71679 | CQK4: 0.715822 | CQL4: 0.713088 | CQM4: 0.713326 | CQN4: 0.714001 | CQO4: 0.713435 | CQP4: 0.714659 | CQQ4: 0.718418 | CQR4: 0.722273 | CQS4: 0.718529 | CQT4: 0.718371 | CQU4: 0.716444 | CQV4: 0.7174 | CQW4: 0.716575 | CQX4: 0.718611 | CQY4: 0.717351 | CQZ4: 0.718736 | CRA4: 0.718576 | CRB4: 0.719055 | CRC4: 0.721578 | CRD4: 0.723963 | CRE4: 0.723146 | CRF4: 0.725089 | CRG4: 0.72722 | CRH4: 0.727461 | CRI4: 0.729811 | CRJ4: 0.727698 | CRK4: 0.729377 | CRL4: 0.726076 | CRM4: 0.724777 | CRN4: 0.728108 | CRO4: 0.729222 | CRP4: 0.728469 | CRQ4: 0.725629 | CRR4: 0.721641 | CRS4: 0.720855 | CRT4: 0.719116 | CRU4: 0.718924 | CRV4: 0.720305 | CRW4: 0.717571 | CRX4: 0.71842 | CRY4: 0.718539 | CRZ4: 0.715418 | CSA4: 0.714539 | CSB4: 0.706138 | CSC4: 0.705323 | CSD4: 0.705744 | CSE4: 0.705579 | CSF4: 0.705938 | CSG4: 0.70756 | CSH4: 0.699402 | CSI4: 0.700771 | CSJ4: 0.700611 | CSK4: 0.69944 | CSL4: 0.702665 | CSM4: 0.697733 | CSN4: 0.697266 | CSO4: 0.696211 | CSP4: 0.695964 | CSQ4: 0.698643 | CSR4: 0.700473 | CSS4: 0.698605 | CST4: 0.700366 | CSU4: 0.700622 | CSV4: 0.699445 | CSW4: 0.700513 | CSX4: 0.698735 | CSY4: 0.695959 | CSZ4: 0.696131 | CTA4: 0.695235 | CTB4: 0.697023 | CTC4: 0.695418 | CTD4: 0.695476 | CTE4: 0.698432 | CTF4: 0.699702 | CTG4: 0.703872 | CTH4: 0.703588 | CTI4: 0.703833 | CTJ4: 0.704995 | CTK4: 0.702431 | CTL4: 0.702174 | CTM4: 0.699912 | CTN4: 0.697226 | CTO4: 0.694496 | CTP4: 0.694896 | CTQ4: 0.696453 | CTR4: 0.692392 | CTS4: 0.691995 | CTT4: 0.692842 | CTU4: 0.69479 | CTV4: 0.695901 | CTW4: 0.694646 | CTX4: 0.691777 | CTY4: 0.690236 | CTZ4: 0.68925 | CUA4: 0.691092 | CUB4: 0.686174 | CUC4: 0.687459 | CUD4: 0.68752 | CUE4: 0.683627 | CUF4: 0.681579 | CUG4: 0.683198 | CUH4: 0.684818 | CUI4: 0.682384 | CUJ4: 0.683703 | CUK4: 0.680496 | CUL4: 0.680635 | CUM4: 0.67796 | CUN4: 0.67827 | CUO4: 0.67759 | CUP4: 0.678172 | CUQ4: 0.677906 | CUR4: 0.676843 | CUS4: 0.675541 | CUT4: 0.675392 | CUU4: 0.672961 | CUV4: 0.673049 | CUW4: 0.670212 | CUX4: 0.668116 | CUY4: 0.669918 | CUZ4: 0.671465 | CVA4: 0.667679 | CVB4: 0.664816 | CVC4: 0.667522 | CVD4: 0.668663 | CVE4: 0.670105 | CVF4: 0.673104 | CVG4: 0.678081 | CVH4: 0.67424 | CVI4: 0.670538 | CVJ4: 0.667998 | CVK4: 0.666758 | CVL4: 0.671073 | CVM4: 0.673455 | CVN4: 0.669734 | CVO4: 0.672333 | CVP4: 0.675077 | CVQ4: 0.673204 | CVR4: 0.670132 | CVS4: 0.670552 | CVT4: 0.670208 | CVU4: 0.672188 | CVV4: 0.666284 | CVW4: 0.664738 | CVX4: 0.666863 | CVY4: 0.662925 | CVZ4: 0.662936 | CWA4: 0.664719 | CWB4: 0.661514 | CWC4: 0.661594 | CWD4: 0.66653 | CWE4: 0.668949 | CWF4: 0.671759 | CWG4: 0.67017 | CWH4: 0.6688 | CWI4: 0.675505 | CWJ4: 0.675642 | CWK4: 0.673521 | CWL4: 0.67607 | CWM4: 0.682805 | CWN4: 0.681371 | CWO4: 0.682726 | CWP4: 0.678479 | CWQ4: 0.678429 | CWR4: 0.680808 | CWS4: 0.682401 | CWT4: 0.683287 | CWU4: 0.681373 | CWV4: 0.678411 | CWW4: 0.679601 | CWX4: 0.677558 | CWY4: 0.675824 | CWZ4: 0.675652 | CXA4: 0.676283 | CXB4: 0.676861 | CXC4: 0.680908 | CXD4: 0.6787 | CXE4: 0.680029 | CXF4: 0.677897 | CXG4: 0.675442 | CXH4: 0.672495 | CXI4: 0.673523 | CXJ4: 0.679656 | CXK4: 0.680036 | CXL4: 0.679953 | CXM4: 0.678429 | CXN4: 0.681063 | CXO4: 0.679864 | CXP4: 0.682634 | CXQ4: 0.686349 | CXR4: 0.68836 | CXS4: 0.687112 | CXT4: 0.683407 | CXU4: 0.686741 | CXV4: 0.691289 | CXW4: 0.690556 | CXX4: 0.688894 | CXY4: 0.689703 | CXZ4: 0.688946 | CYA4: 0.689025 | CYB4: 0.693047 | CYC4: 0.688785 | CYD4: 0.689509 | CYE4: 0.686228 | CYF4: 0.683178 | CYG4: 0.683744 | CYH4: 0.686153 | CYI4: 0.694513 | CYJ4: 0.695397 | CYK4: 0.693366 | CYL4: 0.695204 | CYM4: 0.697045 | CYN4: 0.690546 | CYO4: 0.691584 | CYP4: 0.689776 | CYQ4: 0.691689 | CYR4: 0.687701 | CYS4: 0.690091 | CYT4: 0.687192 | CYU4: 0.684791 | CYV4: 0.683643 | CYW4: 0.680819 | CYX4: 0.679867 | CYY4: 0.679561 | CYZ4: 0.681833 | CZA4: 0.681813 | CZB4: 0.678478 | CZC4: 0.678205 | CZD4: 0.680434 | CZE4: 0.683915 | CZF4: 0.686063 | CZG4: 0.686914 | CZH4: 0.686087 | CZI4: 0.684358 | CZJ4: 0.683091 | CZK4: 0.683896 | CZL4: 0.682014 | CZM4: 0.683062 | CZN4: 0.683444 | CZO4: 0.682187 | CZP4: 0.681382 | CZQ4: 0.68051 | CZR4: 0.681399 | CZS4: 0.682025 | CZT4: 0.680809 | CZU4: 0.682067 | CZV4: 0.678645 | CZW4: 0.678926 | CZX4: 0.675848 | CZY4: 0.676578 | CZZ4: 0.675244 | DAA4: 0.674014 | DAB4: 0.675453 | DAC4: 0.676064 | DAD4: 0.676693 | DAE4: 0.67706 | DAF4: 0.674294 | DAG4: 0.674784 | DAH4: 0.678432 | DAI4: 0.679304 | DAJ4: 0.681809 | DAK4: 0.681606 | DAL4: 0.681092 | DAM4: 0.686585 | DAN4: 0.687209 | DAO4: 0.685986 | DAP4: 0.684518 | DAQ4: 0.686362 | DAR4: 0.686811 | DAS4: 0.685423 | DAT4: 0.685978 | DAU4: 0.680239 | DAV4: 0.680031 | DAW4: 0.681745 | DAX4: 0.680639 | DAY4: 0.683191 | DAZ4: 0.678738 | DBA4: 0.678807 | DBB4: 0.67902 | DBC4: 0.677894 | DBD4: 0.67866 | DBE4: 0.680474 | DBF4: 0.683677 | DBG4: 0.685297 | DBH4: 0.685531 | DBI4: 0.684164 | DBJ4: 0.685901 | DBK4: 0.684588 | DBL4: 0.682454 | DBM4: 0.683117 | DBN4: 0.683064 | DBO4: 0.686274 | DBP4: 0.685637 | DBQ4: 0.686485 | DBR4: 0.683613 | DBS4: 0.683225 | DBT4: 0.681681 | DBU4: 0.682138 | DBV4: 0.682275 | DBW4: 0.683935 | DBX4: 0.682654 | DBY4: 0.684684 | DBZ4: 0.681559 | DCA4: 0.682382 | DCB4: 0.680815 | DCC4: 0.681125 | DCD4: 0.682143 | DCE4: 0.681295 | DCF4: 0.68097 | DCG4: 0.680738 | DCH4: 0.679616 | DCI4: 0.681691 | DCJ4: 0.682709 | DCK4: 0.682853 | DCL4: 0.682807 | DCM4: 0.681429 | DCN4: 0.678491 | DCO4: 0.681417 | DCP4: 0.681244 | DCQ4: 0.679014 | DCR4: 0.678338 | DCS4: 0.676691 | DCT4: 0.675444 | DCU4: 0.673578 | DCV4: 0.671163 | DCW4: 0.671072 | DCX4: 0.666308 | DCY4: 0.666929 | DCZ4: 0.666826 | DDA4: 0.669462 | DDB4: 0.66721 | DDC4: 0.667556 | DDD4: 0.66838 | DDE4: 0.668306 | DDF4: 0.664903 | DDG4: 0.664491 | DDH4: 0.662089 | DDI4: 0.663474 | DDJ4: 0.662047 | DDK4: 0.665441 | DDL4: 0.663594 | DDM4: 0.662339 | DDN4: 0.661829 | DDO4: 0.659541 | DDP4: 0.659377 | DDQ4: 0.659179 | DDR4: 0.658512 | DDS4: 0.657449 | DDT4: 0.655293 | DDU4: 0.653192 | DDV4: 0.652706 | DDW4: 0.652888 | DDX4: 0.651082 | DDY4: 0.650381 | DDZ4: 0.649308 | DEA4: 0.65122 | DEB4: 0.64715 | DEC4: 0.646634 | DED4: 0.651094 | DEE4: 0.652535 | DEF4: 0.656086 | DEG4: 0.653556 | DEH4: 0.651758 | DEI4: 0.650182 | DEJ4: 0.648741 | DEK4: 0.652098 | DEL4: 0.64974 | DEM4: 0.649511 | DEN4: 0.651342 | DEO4: 0.648856 | DEP4: 0.64685 | DEQ4: 0.644377 | DER4: 0.64479 | DES4: 0.645582 | DET4: 0.646063 | DEU4: 0.643912 | DEV4: 0.648207 | DEW4: 0.650869 | DEX4: 0.655061 | DEY4: 0.656455 | DEZ4: 0.655343 | DFA4: 0.657424 | DFB4: 0.655807 | DFC4: 0.6561 | DFD4: 0.653296 | DFE4: 0.656226 | DFF4: 0.655819 | DFG4: 0.657083 | DFH4: 0.65576 | DFI4: 0.65986 | DFJ4: 0.65983 | DFK4: 0.656515 | DFL4: 0.65771 | DFM4: 0.658142 | DFN4: 0.657164 | DFO4: 0.657528 | DFP4: 0.657681 | DFQ4: 0.657983 | DFR4: 0.65676 | DFS4: 0.658123 | DFT4: 0.659441 | DFU4: 0.662068 | DFV4: 0.666085 | DFW4: 0.664917 | DFX4: 0.665468 | DFY4: 0.66349 | DFZ4: 0.659945 | DGA4: 0.659892 | DGB4: 0.659218 | DGC4: 0.658423 | DGD4: 0.659156 | DGE4: 0.658418 | DGF4: 0.653819 | DGG4: 0.654415 | DGH4: 0.653351 | DGI4: 0.655926 | DGJ4: 0.652746 | DGK4: 0.653576 | DGL4: 0.656275 | DGM4: 0.655826 | DGN4: 0.65683 | DGO4: 0.654422 | DGP4: 0.65316 | DGQ4: 0.649767 | DGR4: 0.64932 | DGS4: 0.649786 | DGT4: 0.650499 | DGU4: 0.650574 | DGV4: 0.650265 | DGW4: 0.650218 | DGX4: 0.652398 | DGY4: 0.655626 | DGZ4: 0.655408 | DHA4: 0.659437 | DHB4: 0.661783 | DHC4: 0.662208 | DHD4: 0.664488 | DHE4: 0.663115 | DHF4: 0.662818 | DHG4: 0.66189 | DHH4: 0.661992 | DHI4: 0.664727 | DHJ4: 0.66658 | DHK4: 0.664562 | DHL4: 0.664262 | DHM4: 0.666207 | DHN4: 0.662525 | DHO4: 0.661773 | DHP4: 0.662268 | DHQ4: 0.66512 | DHR4: 0.665376 | DHS4: 0.661114 | DHT4: 0.660633 | DHU4: 0.658994 | DHV4: 0.658558 | DHW4: 0.658083 | DHX4: 0.659571 | DHY4: 0.659741 | DHZ4: 0.661338 | DIA4: 0.660701 | DIB4: 0.659291 | DIC4: 0.661768 | DID4: 0.662085 | DIE4: 0.659089 | DIF4: 0.658937 | DIG4: 0.659462 | DIH4: 0.663149 | DII4: 0.662863 | DIJ4: 0.661997 | DIK4: 0.66545 | DIL4: 0.669604 | DIM4: 0.671357 | DIN4: 0.670272 | DIO4: 0.671072 | DIP4: 0.66996 | DIQ4: 0.67074 | DIR4: 0.672886 | DIS4: 0.671144 | DIT4: 0.672682 | DIU4: 0.673188 | DIV4: 0.673328 | DIW4: 0.674788 | DIX4: 0.677991 | DIY4: 0.680401 | DIZ4: 0.679341 | DJA4: 0.678571 | DJB4: 0.678249 | DJC4: 0.676612 | DJD4: 0.676021 | DJE4: 0.678579 | DJF4: 0.678823 | DJG4: 0.685172 | DJH4: 0.683264 | DJI4: 0.685006 | DJJ4: 0.68257 | DJK4: 0.681259 | DJL4: 0.680135 | DJM4: 0.683636 | DJN4: 0.682338 | DJO4: 0.683082 | DJP4: 0.683485 | DJQ4: 0.68114 | DJR4: 0.68342 | DJS4: 0.685335 | DJT4: 0.686524 | DJU4: 0.686706 | DJV4: 0.691715 | DJW4: 0.692504 | DJX4: 0.692275 | DJY4: 0.690683 | DJZ4: 0.693494 | DKA4: 0.690958 | DKB4: 0.685711 | DKC4: 0.685795 | DKD4: 0.688948 | DKE4: 0.68832 | DKF4: 0.690004 | DKG4: 0.69231 | DKH4: 0.690292 | DKI4: 0.688158 | DKJ4: 0.687034 | DKK4: 0.68966 | DKL4: 0.691041 | DKM4: 0.691877 | DKN4: 0.689605 | DKO4: 0.688774 | DKP4: 0.685043 | DKQ4: 0.684737 | DKR4: 0.682618 | DKS4: 0.682246 | DKT4: 0.681833 | DKU4: 0.68119 | DKV4: 0.681991 | DKW4: 0.680128 | DKX4: 0.67862 | DKY4: 0.676327 | DKZ4: 0.678621 | DLA4: 0.67949 | DLB4: 0.680026 | DLC4: 0.682451 | DLD4: 0.683688 | DLE4: 0.681856 | DLF4: 0.682299 | DLG4: 0.683182 | DLH4: 0.680631 | DLI4: 0.680262 | DLJ4: 0.682175 | DLK4: 0.6849 | DLL4: 0.685008 | DLM4: 0.678811 | DLN4: 0.673778 | DLO4: 0.672893 | DLP4: 0.675039 | DLQ4: 0.67575 | DLR4: 0.677555 | DLS4: 0.677888 | DLT4: 0.679464 | DLU4: 0.680918 | DLV4: 0.680241 | DLW4: 0.682088 | DLX4: 0.681856 | DLY4: 0.684929 | DLZ4: 0.684281 | DMA4: 0.682995 | DMB4: 0.6832 | DMC4: 0.686349 | DMD4: 0.689159 | DME4: 0.69052 | DMF4: 0.690174 | DMG4: 0.689381 | DMH4: 0.68991 | DMI4: 0.693525 | DMJ4: 0.693679 | DMK4: 0.692258 | DML4: 0.69007 | DMM4: 0.68799 | DMN4: 0.689356 | DMO4: 0.691658 | DMP4: 0.693093 | DMQ4: 0.693206 | DMR4: 0.693171 | DMS4: 0.691767 | DMT4: 0.694909 | DMU4: 0.693679 | DMV4: 0.69349 | DMW4: 0.691929 | DMX4: 0.69401 | DMY4: 0.69119 | DMZ4: 0.690665 | DNA4: 0.688983 | DNB4: 0.688627 | DNC4: 0.69166 | DND4: 0.692962 | DNE4: 0.693911 | DNF4: 0.691997 | DNG4: 0.695632 | DNH4: 0.69888 | DNI4: 0.701564 | DNJ4: 0.700921 | DNK4: 0.699723 | DNL4: 0.702252 | DNM4: 0.701583 | DNN4: 0.704222 | DNO4: 0.704214 | DNP4: 0.703865 | DNQ4: 0.704565 | DNR4: 0.701255 | DNS4: 0.704308 | DNT4: 0.701907 | DNU4: 0.70126 | DNV4: 0.702973 | DNW4: 0.704436 | DNX4: 0.701031 | DNY4: 0.70218 | DNZ4: 0.702679 | DOA4: 0.704681 | DOB4: 0.703478 | DOC4: 0.70302 | DOD4: 0.704295 | DOE4: 0.70186 | DOF4: 0.701043 | DOG4: 0.698901 | DOH4: 0.697867 | DOI4: 0.694271 | DOJ4: 0.692419 | DOK4: 0.693298 | DOL4: 0.692775 | DOM4: 0.693965 | DON4: 0.697238 | DOO4: 0.69889 | DOP4: 0.698163 | DOQ4: 0.698163 | DOR4: 0.69845 | DOS4: 0.697001 | DOT4: 0.699743 | DOU4: 0.69966 | DOV4: 0.700111 | DOW4: 0.698042 | DOX4: 0.692824 | DOY4: 0.692483 | DOZ4: 0.692165 | DPA4: 0.69068 | DPB4: 0.690418 | DPC4: 0.691144 | DPD4: 0.689114 | DPE4: 0.69137 | DPF4: 0.689848 | DPG4: 0.69179 | DPH4: 0.690594 | DPI4: 0.691856 | DPJ4: 0.691792 | DPK4: 0.686161 | DPL4: 0.686547 | DPM4: 0.685451 | DPN4: 0.687585 | DPO4: 0.690135 | DPP4: 0.692707 | DPQ4: 0.691851 | DPR4: 0.691944 | DPS4: 0.693526 | DPT4: 0.693411 | DPU4: 0.696324 | DPV4: 0.695866 | DPW4: 0.696578 | DPX4: 0.696226 | DPY4: 0.695687 | DPZ4: 0.698206 | DQA4: 0.697698 | DQB4: 0.697508 | DQC4: 0.698759 | DQD4: 0.69906 | DQE4: 0.697111 | DQF4: 0.698098 | DQG4: 0.698805 | DQH4: 0.695612 | DQI4: 0.69658 | DQJ4: 0.697579 | DQK4: 0.696851 | DQL4: 0.695261 | DQM4: 0.695663 | DQN4: 0.693798 | DQO4: 0.693976 | DQP4: 0.697937 | DQQ4: 0.697691 | DQR4: 0.696923 | DQS4: 0.697788 | DQT4: 0.69853 | DQU4: 0.697293 | DQV4: 0.694787 | DQW4: 0.693949 | DQX4: 0.690495 | DQY4: 0.690811 | DQZ4: 0.691838 | DRA4: 0.693434 | DRB4: 0.694154 | DRC4: 0.697051 | DRD4: 0.694267 | DRE4: 0.69362 | DRF4: 0.695491 | DRG4: 0.694145 | DRH4: 0.694037 | DRI4: 0.695411 | DRJ4: 0.692231 | DRK4: 0.689988 | DRL4: 0.688743 | DRM4: 0.691727 | DRN4: 0.693685 | DRO4: 0.694038 | DRP4: 0.692482 | DRQ4: 0.693761 | DRR4: 0.693728 | DRS4: 0.689063 | DRT4: 0.689348 | DRU4: 0.686574 | DRV4: 0.687504 | DRW4: 0.68751 | DRX4: 0.684477 | DRY4: 0.684171 | DRZ4: 0.68428 | DSA4: 0.683406 | DSB4: 0.679781 | DSC4: 0.677194 | DSD4: 0.676699 | DSE4: 0.6765 | DSF4: 0.677448 | DSG4: 0.675421 | DSH4: 0.671591 | DSI4: 0.673526 | DSJ4: 0.670663 | DSK4: 0.672428 | DSL4: 0.666219 | DSM4: 0.669575 | DSN4: 0.669322 | DSO4: 0.666524 | DSP4: 0.670283 | DSQ4: 0.671448 | DSR4: 0.67171 | DSS4: 0.669454 | DST4: 0.669132 | DSU4: 0.671892 | DSV4: 0.670825 | DSW4: 0.672483 | DSX4: 0.669515 | DSY4: 0.669263 | DSZ4: 0.672844 | DTA4: 0.67163 | DTB4: 0.667519 | DTC4: 0.670058 | DTD4: 0.672109 | DTE4: 0.673908 | DTF4: 0.676309 | DTG4: 0.677492 | DTH4: 0.67811 | DTI4: 0.678542 | DTJ4: 0.677392 | DTK4: 0.67643 | DTL4: 0.678579 | DTM4: 0.678891 | DTN4: 0.677475 | DTO4: 0.678866 | DTP4: 0.68069 | DTQ4: 0.68018 | DTR4: 0.680371 | DTS4: 0.680287 | DTT4: 0.681548 | DTU4: 0.675964 | DTV4: 0.674134 | DTW4: 0.673899 | DTX4: 0.674504 | DTY4: 0.675932 | DTZ4: 0.674596 | DUA4: 0.673943 | DUB4: 0.675149 | DUC4: 0.675431 | DUD4: 0.676747 | DUE4: 0.677302 | DUF4: 0.68152 | DUG4: 0.680999 | DUH4: 0.682177 | DUI4: 0.67831 | DUJ4: 0.676517 | DUK4: 0.678216 | DUL4: 0.677803 | DUM4: 0.679328 | DUN4: 0.674688 | DUO4: 0.676454 | DUP4: 0.673916 | DUQ4: 0.673685 | DUR4: 0.672665 | DUS4: 0.673809 | DUT4: 0.672797 | DUU4: 0.670111 | DUV4: 0.670743 | DUW4: 0.669591 | DUX4: 0.670714 | DUY4: 0.673246 | DUZ4: 0.674674 | DVA4: 0.674817 | DVB4: 0.673452 | DVC4: 0.670924 | DVD4: 0.672621 | DVE4: 0.670795 | DVF4: 0.672216 | DVG4: 0.672726 | DVH4: 0.672373 | DVI4: 0.674246 | DVJ4: 0.673643 | DVK4: 0.672855 | DVL4: 0.672762 | DVM4: 0.671806 | DVN4: 0.672887 | DVO4: 0.671113 | DVP4: 0.67177 | DVQ4: 0.673028 | DVR4: 0.674008 | DVS4: 0.675721 | DVT4: 0.676269 | DVU4: 0.676133 | DVV4: 0.676695 | DVW4: 0.675697 | DVX4: 0.676382 | DVY4: 0.677503 | DVZ4: 0.676892 | DWA4: 0.676412 | DWB4: 0.674158 | DWC4: 0.672134 | DWD4: 0.673453 | DWE4: 0.674922 | DWF4: 0.675584 | DWG4: 0.675831 | DWH4: 0.677335 | DWI4: 0.676912 | DWJ4: 0.675033 | DWK4: 0.676963 | DWL4: 0.675733 | DWM4: 0.677013 | DWN4: 0.679235 | DWO4: 0.680823 | DWP4: 0.681074 | DWQ4: 0.68144 | DWR4: 0.680932 | DWS4: 0.681538 | DWT4: 0.680625 | DWU4: 0.680302 | DWV4: 0.679867 | DWW4: 0.678246 | DWX4: 0.680267 | DWY4: 0.680817 | DWZ4: 0.679298 | DXA4: 0.677701 | DXB4: 0.676642 | DXC4: 0.674701 | DXD4: 0.675658 | DXE4: 0.673272 | DXF4: 0.673302 | DXG4: 0.673257 | DXH4: 0.675893 | DXI4: 0.6743 | DXJ4: 0.673251 | DXK4: 0.6738 | DXL4: 0.671229 | DXM4: 0.672756 | DXN4: 0.67324 | DXO4: 0.674604 | DXP4: 0.674029 | DXQ4: 0.675085 | DXR4: 0.673315 | DXS4: 0.673591 | DXT4: 0.67151 | DXU4: 0.669222 | DXV4: 0.665699 | DXW4: 0.665235 | DXX4: 0.664739 | DXY4: 0.664018 | DXZ4: 0.66325 | DYA4: 0.661878 | DYB4: 0.659789 | DYC4: 0.659221 | DYD4: 0.660355 | DYE4: 0.660257 | DYF4: 0.661158 | DYG4: 0.66397 | DYH4: 0.662634 | DYI4: 0.661686 | DYJ4: 0.663828 | DYK4: 0.665833 | DYL4: 0.66623 | DYM4: 0.664425 | DYN4: 0.663245 | DYO4: 0.664342 | DYP4: 0.664106 | DYQ4: 0.665863 | DYR4: 0.664974 | DYS4: 0.665267 | DYT4: 0.664716 | DYU4: 0.662789 | DYV4: 0.664354 | DYW4: 0.667093 | DYX4: 0.666895 | DYY4: 0.668795 | DYZ4: 0.668552 | DZA4: 0.669214 | DZB4: 0.670588 | DZC4: 0.671243 | DZD4: 0.669665 | DZE4: 0.669142 | DZF4: 0.670337 | DZG4: 0.670245 | DZH4: 0.669684 | DZI4: 0.670001 | DZJ4: 0.667958 | DZK4: 0.668882 | DZL4: 0.668937 | DZM4: 0.671472 | DZN4: 0.671391 | DZO4: 0.670402 | DZP4: 0.671072 | DZQ4: 0.668388 | DZR4: 0.66851 | DZS4: 0.670533 | DZT4: 0.669487 | DZU4: 0.668888 | DZV4: 0.669264 | DZW4: 0.670178 | DZX4: 0.671237 | DZY4: 0.670091 | DZZ4: 0.668132 | EAA4: 0.666487 | EAB4: 0.666444 | EAC4: 0.666775 | EAD4: 0.666705 | EAE4: 0.667098 | EAF4: 0.6682 | EAG4: 0.667526 | EAH4: 0.666123 | EAI4: 0.664276 | EAJ4: 0.664577 | EAK4: 0.663445 | EAL4: 0.664615 | EAM4: 0.665892 | EAN4: 0.665812 | EAO4: 0.665671 | EAP4: 0.665427 | EAQ4: 0.665531 | EAR4: 0.665109 | EAS4: 0.664759 | EAT4: 0.664477 | EAU4: 0.664131 | EAV4: 0.661361 | EAW4: 0.662553 | EAX4: 0.662396 | EAY4: 0.661993 | EAZ4: 0.660503 | EBA4: 0.661569 | EBB4: 0.662765 | EBC4: 0.661389 | EBD4: 0.660823 | EBE4: 0.660835 | EBF4: 0.66217 | EBG4: 0.660468 | EBH4: 0.660779 | EBI4: 0.661238 | EBJ4: 0.661052 | EBK4: 0.66129 | EBL4: 0.661681 | EBM4: 0.660241 | EBN4: 0.659998 | EBO4: 0.659502 | EBP4: 0.657013 | EBQ4: 0.657165 | EBR4: 0.657013 | EBS4: 0.655107 | EBT4: 0.655334 | EBU4: 0.655404 | EBV4: 0.656379 | EBW4: 0.656115 | EBX4: 0.654538 | EBY4: 0.655769 | EBZ4: 0.655422 | ECA4: 0.656089 | ECB4: 0.655216 | ECC4: 0.657534 | ECD4: 0.656598 | ECE4: 0.657715 | ECF4: 0.656288 | ECG4: 0.65739 | ECH4: 0.657924 | ECI4: 0.658137 | ECJ4: 0.659112 | ECK4: 0.658105 | ECL4: 0.658757 | ECM4: 0.657268 | ECN4: 0.659302 | ECO4: 0.660185 | ECP4: 0.66108 | ECQ4: 0.661006 | ECR4: 0.660626 | ECS4: 0.660534 | ECT4: 0.660839 | ECU4: 0.660583 | ECV4: 0.659686 | ECW4: 0.661378 | ECX4: 0.661001 | ECY4: 0.66123 | ECZ4: 0.660346 | EDA4: 0.659099 | EDB4: 0.658726 | EDC4: 0.659811 | EDD4: 0.663197 | EDE4: 0.663221 | EDF4: 0.662914 | EDG4: 0.664814 | EDH4: 0.664414 | EDI4: 0.664556 | EDJ4: 0.662469 | EDK4: 0.662429 | EDL4: 0.66148 | EDM4: 0.662608 | EDN4: 0.661776 | EDO4: 0.660758 | EDP4: 0.660438 | EDQ4: 0.660699 | EDR4: 0.660354 | EDS4: 0.659818 | EDT4: 0.657703 | EDU4: 0.65727 | EDV4: 0.656863 | EDW4: 0.656435 | EDX4: 0.657785 | EDY4: 0.657142 | EDZ4: 0.656711 | EEA4: 0.653407 | EEB4: 0.652796 | EEC4: 0.653388 | EED4: 0.652327 | EEE4: 0.652635 | EEF4: 0.65228 | EEG4: 0.651755 | EEH4: 0.652312 | EEI4: 0.651132 | EEJ4: 0.650724 | EEK4: 0.652315 | EEL4: 0.652568 | EEM4: 0.653627 | EEN4: 0.653261 | EEO4: 0.653072 | EEP4: 0.653477 | EEQ4: 0.653324 | EER4: 0.652889 | EES4: 0.650694 | EET4: 0.651291 | EEU4: 0.651838 | EEV4: 0.652154 | EEW4: 0.653394 | EEX4: 0.653823 | EEY4: 0.65583 | EEZ4: 0.657071 | EFA4: 0.657424 | EFB4: 0.65606 | EFC4: 0.656029 | EFD4: 0.655443 | EFE4: 0.655906 | EFF4: 0.654688 | EFG4: 0.653849 | EFH4: 0.652851 | EFI4: 0.652201 | EFJ4: 0.652483 | EFK4: 0.653299 | EFL4: 0.652474 | EFM4: 0.652734 | EFN4: 0.653578 | EFO4: 0.653662 | EFP4: 0.651669 | EFQ4: 0.65132 | EFR4: 0.648277 | EFS4: 0.647569 | EFT4: 0.646759 | EFU4: 0.647479 | EFV4: 0.648139 | EFW4: 0.648728 | EFX4: 0.649321 | EFY4: 0.647855 | EFZ4: 0.646053 | EGA4: 0.64541 | EGB4: 0.643534 | EGC4: 0.644236 | EGD4: 0.643993 | EGE4: 0.64337 | EGF4: 0.642405 | EGG4: 0.641549 | EGH4: 0.643025 | EGI4: 0.642648 | EGJ4: 0.644524 | EGK4: 0.643774 | EGL4: 0.645079 | EGM4: 0.646227 | EGN4: 0.643774 | EGO4: 0.643041 | EGP4: 0.643794 | EGQ4: 0.642446 | EGR4: 0.643816 | EGS4: 0.643468 | EGT4: 0.641019 | EGU4: 0.640234 | EGV4: 0.640835 | EGW4: 0.641204 | EGX4: 0.640575 | EGY4: 0.639072 | EGZ4: 0.638075 | EHA4: 0.637201 | EHB4: 0.63741 | EHC4: 0.636179 | EHD4: 0.636865 | EHE4: 0.634984 | EHF4: 0.635173 | EHG4: 0.634031 | EHH4: 0.630455 | EHI4: 0.630568 | EHJ4: 0.629271 | EHK4: 0.631288 | EHL4: 0.631203 | EHM4: 0.630325 | EHN4: 0.631922 | EHO4: 0.632469 | EHP4: 0.631062 | EHQ4: 0.628616 | EHR4: 0.627509 | EHS4: 0.626751 | EHT4: 0.626561 | EHU4: 0.626192 | EHV4: 0.62573 | EHW4: 0.628904 | EHX4: 0.629031 | EHY4: 0.62886 | EHZ4: 0.630678 | EIA4: 0.628835 | EIB4: 0.630303 | EIC4: 0.633999 | EID4: 0.632495 | EIE4: 0.631692 | EIF4: 0.631716 | EIG4: 0.631233 | EIH4: 0.631522 | EII4: 0.635976 | EIJ4: 0.638625 | EIK4: 0.638422 | EIL4: 0.638711 | EIM4: 0.64062 | EIN4: 0.639871 | EIO4: 0.640061 | EIP4: 0.63822 | EIQ4: 0.638051 | EIR4: 0.633521 | EIS4: 0.632812 | EIT4: 0.633525 | EIU4: 0.630649 | EIV4: 0.632084 | EIW4: 0.632554 | EIX4: 0.632248 | EIY4: 0.632718 | EIZ4: 0.633462 | EJA4: 0.631477 | EJB4: 0.628415 | EJC4: 0.629113 | EJD4: 0.629814 | EJE4: 0.632251 | EJF4: 0.632565 | EJG4: 0.634644 | EJH4: 0.634458 | EJI4: 0.632966 | EJJ4: 0.631602 | EJK4: 0.631101 | EJL4: 0.62988 | EJM4: 0.628735 | EJN4: 0.628281 | EJO4: 0.626855 | EJP4: 0.626742 | EJQ4: 0.628907 | EJR4: 0.631894 | EJS4: 0.632376 | EJT4: 0.63263 | EJU4: 0.635812 | EJV4: 0.634117 | EJW4: 0.634695 | EJX4: 0.633581 | EJY4: 0.633423 | EJZ4: 0.632372 | EKA4: 0.633832 | EKB4: 0.63133 | EKC4: 0.633223 | EKD4: 0.632263 | EKE4: 0.629008 | EKF4: 0.630249 | EKG4: 0.628826 | EKH4: 0.624691 | EKI4: 0.623996 | EKJ4: 0.620904 | EKK4: 0.620015 | EKL4: 0.619582 | EKM4: 0.620847 | EKN4: 0.617976 | EKO4: 0.614828 | EKP4: 0.615739 | EKQ4: 0.613903 | EKR4: 0.614516 | EKS4: 0.610352 | EKT4: 0.611396 | EKU4: 0.60591 | EKV4: 0.60566 | EKW4: 0.609111 | EKX4: 0.613863 | EKY4: 0.613698 | EKZ4: 0.61538 | ELA4: 0.611956 | ELB4: 0.608732 | ELC4: 0.607297 | ELD4: 0.607538 | ELE4: 0.608088 | ELF4: 0.611539 | ELG4: 0.612533 | ELH4: 0.614253 | ELI4: 0.610561 | ELJ4: 0.611643 | ELK4: 0.611656 | ELL4: 0.612154 | ELM4: 0.607987 | ELN4: 0.609598 | ELO4: 0.608935 | ELP4: 0.609258 | ELQ4: 0.607489 | ELR4: 0.608433 | ELS4: 0.609754 | ELT4: 0.609446 | ELU4: 0.608708 | ELV4: 0.608147 | ELW4: 0.612069 | ELX4: 0.61464 | ELY4: 0.613588 | ELZ4: 0.615181 | EMA4: 0.615847 | EMB4: 0.615532 | EMC4: 0.616897 | EMD4: 0.617333 | EME4: 0.616716 | EMF4: 0.61882 | EMG4: 0.619321 | EMH4: 0.617047 | EMI4: 0.617563 | EMJ4: 0.617562 | EMK4: 0.619312 | EML4: 0.617874 | EMM4: 0.618222 | EMN4: 0.615713 | EMO4: 0.614259 | EMP4: 0.611907 | EMQ4: 0.611798 | EMR4: 0.612247 | EMS4: 0.611685 | EMT4: 0.612006 | EMU4: 0.613891 | EMV4: 0.615995 | EMW4: 0.617022 | EMX4: 0.61662 | EMY4: 0.615163 | EMZ4: 0.61767 | ENA4: 0.620235 | ENB4: 0.616779 | ENC4: 0.61281 | END4: 0.618657 | ENE4: 0.619136 | ENF4: 0.620734 | ENG4: 0.622731 | ENH4: 0.619801 | ENI4: 0.619656 | ENJ4: 0.619967 | ENK4: 0.618999 | ENL4: 0.616708 | ENM4: 0.618614 | ENN4: 0.618234 | ENO4: 0.61743 | ENP4: 0.614955 | ENQ4: 0.613522 | ENR4: 0.612139 | ENS4: 0.611465 | ENT4: 0.613214 | ENU4: 0.611108 | ENV4: 0.614921 | ENW4: 0.616048 | ENX4: 0.615081 | ENY4: 0.615102 | ENZ4: 0.614945 | EOA4: 0.613306 | EOB4: 0.612029 | EOC4: 0.607544 | EOD4: 0.608415 | EOE4: 0.610896 | EOF4: 0.611769 | EOG4: 0.611189 | EOH4: 0.610409 | EOI4: 0.614149 | EOJ4: 0.615429 | EOK4: 0.61364 | EOL4: 0.613987 | EOM4: 0.614438 | EON4: 0.617114 | EOO4: 0.616948 | EOP4: 0.617413 | EOQ4: 0.617533 | EOR4: 0.619426 | EOS4: 0.620313 | EOT4: 0.62097 | EOU4: 0.627759 | EOV4: 0.629402 | EOW4: 0.632389 | EOX4: 0.632912 | EOY4: 0.632985 | EOZ4: 0.637136 | EPA4: 0.636829 | EPB4: 0.636691 | EPC4: 0.636939 | EPD4: 0.634774 | EPE4: 0.634224 | EPF4: 0.634759 | EPG4: 0.639825 | EPH4: 0.635764 | EPI4: 0.636178 | EPJ4: 0.636993 | EPK4: 0.63909 | EPL4: 0.642525 | EPM4: 0.644197 | EPN4: 0.642834 | EPO4: 0.646615 | EPP4: 0.647921 | EPQ4: 0.64812 | EPR4: 0.649378 | EPS4: 0.65189 | EPT4: 0.64888 | EPU4: 0.64524 | EPV4: 0.644936 | EPW4: 0.645599 | EPX4: 0.638303 | EPY4: 0.645715 | EPZ4: 0.637301 | EQA4: 0.6326 | EQB4: 0.63542 | EQC4: 0.635104 | EQD4: 0.636625 | EQE4: 0.642538 | EQF4: 0.642169 | EQG4: 0.646683 | EQH4: 0.651559 | EQI4: 0.651253 | EQJ4: 0.655405 | EQK4: 0.655157 | EQL4: 0.652636 | EQM4: 0.652411 | EQN4: 0.655274 | EQO4: 0.654427 | EQP4: 0.652273 | EQQ4: 0.652548 | EQR4: 0.65662 | EQS4: 0.657854 | EQT4: 0.657568 | EQU4: 0.662531 | EQV4: 0.669693 | EQW4: 0.670015 | EQX4: 0.672057 | EQY4: 0.676564 | EQZ4: 0.674721 | ERA4: 0.671122 | ERB4: 0.665147 | ERC4: 0.671909 | ERD4: 0.670976 | ERE4: 0.67378 | ERF4: 0.669455 | ERG4: 0.670434 | ERH4: 0.67286 | ERI4: 0.671492 | ERJ4: 0.674357 | ERK4: 0.678359 | ERL4: 0.679271 | ERM4: 0.677246 | ERN4: 0.677623 | ERO4: 0.677359 | ERP4: 0.677553 | ERQ4: 0.67935 | ERR4: 0.677113 | ERS4: 0.675623 | ERT4: 0.672456 | ERU4: 0.669288 | ERV4: 0.669763 | ERW4: 0.672057 | ERX4: 0.67413 | ERY4: 0.675014 | ERZ4: 0.675215 | ESA4: 0.675921 | ESB4: 0.673789 | ESC4: 0.670627 | ESD4: 0.671079 | ESE4: 0.669178 | ESF4: 0.663291 | ESG4: 0.65921 | ESH4: 0.656894 | ESI4: 0.651771 | ESJ4: 0.642097 | ESK4: 0.633164 | ESL4: 0.647247 | ESM4: 0.647887 | ESN4: 0.647976 | ESO4: 0.647827 | ESP4: 0.647559 | ESQ4: 0.642415 | ESR4: 0.646074 | ESS4: 0.649237 | EST4: 0.650992 | ESU4: 0.658149 | ESV4: 0.664029 | ESW4: 0.656701 | ESX4: 0.655646 | ESY4: 0.651356 | ESZ4: 0.657182 | ETA4: 0.660034 | ETB4: 0.661529 | ETC4: 0.661798 | ETD4: 0.660292 | ETE4: 0.66207 | ETF4: 0.669829 | ETG4: 0.670756 | ETH4: 0.6683 | ETI4: 0.672111 | ETJ4: 0.669285 | ETK4: 0.664039 | ETL4: 0.661712 | ETM4: 0.664571 | ETN4: 0.670276 | ETO4: 0.670737 | ETP4: 0.669553 | ETQ4: 0.668522 | ETR4: 0.668823 | ETS4: 0.670708 | ETT4: 0.667324 | ETU4: 0.667073 | ETV4: 0.668183 | ETW4: 0.67102 | ETX4: 0.670561 | ETY4: 0.673719 | ETZ4: 0.676422 | EUA4: 0.677737 | EUB4: 0.676564 | EUC4: 0.677851 | EUD4: 0.673737 | EUE4: 0.675914 | EUF4: 0.677466 | EUG4: 0.679027 | EUH4: 0.681494 | EUI4: 0.682236 | EUJ4: 0.68357 | EUK4: 0.685886 | EUL4: 0.684995 | EUM4: 0.680384 | EUN4: 0.685387 | EUO4: 0.682466 | EUP4: 0.681602 | EUQ4: 0.679137 | EUR4: 0.678334 | EUS4: 0.675203 | EUT4: 0.676856 | EUU4: 0.676483 | EUV4: 0.659948 | EUW4: 0.66177 | EUX4: 0.661056 | EUY4: 0.663694 | EUZ4: 0.664236 | EVA4: 0.662813 | EVB4: 0.668636 | EVC4: 0.671105 | EVD4: 0.668863 | EVE4: 0.670501 | EVF4: 0.668177 | EVG4: 0.666621 | EVH4: 0.665335 | EVI4: 0.670762 | EVJ4: 0.670139 | EVK4: 0.669895 | EVL4: 0.672736 | EVM4: 0.667906 | EVN4: 0.668681 | EVO4: 0.667878 | EVP4: 0.670339 | EVQ4: 0.672592 | EVR4: 0.674959 | EVS4: 0.675152 | EVT4: 0.674441 | EVU4: 0.673247 | EVV4: 0.668085 | EVW4: 0.670026 | EVX4: 0.671997 | EVY4: 0.667403 | EVZ4: 0.667632 | EWA4: 0.667578 | EWB4: 0.666261 | EWC4: 0.665282 | EWD4: 0.666105 | EWE4: 0.666476 | EWF4: 0.665602 | EWG4: 0.660663 | EWH4: 0.658699 | EWI4: 0.657663 | EWJ4: 0.659111 | EWK4: 0.658578 | EWL4: 0.660425 | EWM4: 0.657038 | EWN4: 0.655983 | EWO4: 0.652656 | EWP4: 0.647508 | EWQ4: 0.647826 | EWR4: 0.650545 | EWS4: 0.648526 | EWT4: 0.651399 | EWU4: 0.645974 | EWV4: 0.642008 | EWW4: 0.642458 | EWX4: 0.64222 | EWY4: 0.644579 | EWZ4: 0.645799 | EXA4: 0.654219 | EXB4: 0.652125 | EXC4: 0.647441 | EXD4: 0.648464 | EXE4: 0.647861 | EXF4: 0.651319 | EXG4: 0.649682 | EXH4: 0.65046 | EXI4: 0.648595 | EXJ4: 0.64867 | EXK4: 0.649573 | EXL4: 0.647649 | EXM4: 0.644324 | EXN4: 0.648957 | EXO4: 0.644737 | EXP4: 0.645031 | EXQ4: 0.644236 | EXR4: 0.646489 | EXS4: 0.646451 | EXT4: 0.647428 | EXU4: 0.649304 | EXV4: 0.646784 | EXW4: 0.648102 | EXX4: 0.645731 | EXY4: 0.646594 | EXZ4: 0.645068 | EYA4: 0.645197 | EYB4: 0.643493 | EYC4: 0.642992 | EYD4: 0.644015 | EYE4: 0.641601 | EYF4: 0.641898 | EYG4: 0.64151 | EYH4: 0.641686 | EYI4: 0.641627 | EYJ4: 0.64129 | EYK4: 0.640942 | EYL4: 0.643781 | EYM4: 0.64472 | EYN4: 0.643778 | EYO4: 0.639429 | EYP4: 0.637335 | EYQ4: 0.637562 | EYR4: 0.638005 | EYS4: 0.638818 | EYT4: 0.64353 | EYU4: 0.644229 | EYV4: 0.643771 | EYW4: 0.64182 | EYX4: 0.640947 | EYY4: 0.645233 | EYZ4: 0.643975 | EZA4: 0.643662 | EZB4: 0.641362 | EZC4: 0.638964 | EZD4: 0.640366 | EZE4: 0.640643 | EZF4: 0.640721 | EZG4: 0.64144 | EZH4: 0.639417 | EZI4: 0.638544 | EZJ4: 0.640359 | EZK4: 0.640976 | EZL4: 0.638834 | EZM4: 0.639855 | EZN4: 0.638428 | EZO4: 0.635114 | EZP4: 0.635272 | EZQ4: 0.634088 | EZR4: 0.631311 | EZS4: 0.632724 | EZT4: 0.632233 | EZU4: 0.630319 | EZV4: 0.629895 | EZW4: 0.631125 | EZX4: 0.63343 | EZY4: 0.629975 | EZZ4: 0.629903 | FAA4: 0.630289 | FAB4: 0.63163 | FAC4: 0.63263 | FAD4: 0.633891 | FAE4: 0.631164 | FAF4: 0.634005 | FAG4: 0.634113 | FAH4: 0.63279 | FAI4: 0.630461 | FAJ4: 0.630475 | FAK4: 0.628588 | FAL4: 0.629792 | FAM4: 0.631192 | FAN4: 0.629609 | FAO4: 0.627355 | FAP4: 0.626966 | FAQ4: 0.628021 | FAR4: 0.627421 | FAS4: 0.626038 | FAT4: 0.626332 | FAU4: 0.626291 | FAV4: 0.626048 | FAW4: 0.6267 | FAX4: 0.628982 | FAY4: 0.630079 | FAZ4: 0.630028 | FBA4: 0.628974 | FBB4: 0.628758 | FBC4: 0.631552 | FBD4: 0.629318 | FBE4: 0.627521 | FBF4: 0.627059 | FBG4: 0.623976 | FBH4: 0.624329 | FBI4: 0.623738 | FBJ4: 0.625258 | FBK4: 0.625667 | FBL4: 0.624385 | FBM4: 0.624662 | FBN4: 0.623602 | FBO4: 0.625707 | FBP4: 0.626097 | FBQ4: 0.623932 | FBR4: 0.624346 | FBS4: 0.62095 | FBT4: 0.620555 | FBU4: 0.623598 | FBV4: 0.621048 | FBW4: 0.620676 | FBX4: 0.620284 | FBY4: 0.620419 | FBZ4: 0.621803 | FCA4: 0.628716 | FCB4: 0.627668 | FCC4: 0.627741 | FCD4: 0.628255 | FCE4: 0.628343 | FCF4: 0.630407 | FCG4: 0.632589 | FCH4: 0.631907 | FCI4: 0.636597 | FCJ4: 0.636421 | FCK4: 0.637399 | FCL4: 0.639582 | FCM4: 0.640731 | FCN4: 0.637492 | FCO4: 0.637983 | FCP4: 0.637219 | FCQ4: 0.64021 | FCR4: 0.637881 | FCS4: 0.638176 | FCT4: 0.63794 | FCU4: 0.639529 | FCV4: 0.640488 | FCW4: 0.640882 | FCX4: 0.63573 | FCY4: 0.636098 | FCZ4: 0.634121 | FDA4: 0.635507 | FDB4: 0.636425 | FDC4: 0.636129 | FDD4: 0.637633 | FDE4: 0.640431 | FDF4: 0.643084 | FDG4: 0.640642 | FDH4: 0.639891 | FDI4: 0.641012 | FDJ4: 0.640563 | FDK4: 0.642435 | FDL4: 0.643421 | FDM4: 0.645517 | FDN4: 0.64479 | FDO4: 0.64359 | FDP4: 0.647268 | FDQ4: 0.648741 | FDR4: 0.649873 | FDS4: 0.649295 | FDT4: 0.647758 | FDU4: 0.648599 | FDV4: 0.652423 | FDW4: 0.650594 | FDX4: 0.650231 | FDY4: 0.649188 | FDZ4: 0.653033 | FEA4: 0.655892 | FEB4: 0.653215 | FEC4: 0.653838 | FED4: 0.652964 | FEE4: 0.653866 | FEF4: 0.652493 | FEG4: 0.654575 | FEH4: 0.654141 | FEI4: 0.651583 | FEJ4: 0.650563 | FEK4: 0.653264 | FEL4: 0.652927 | FEM4: 0.654461 | FEN4: 0.654169 | FEO4: 0.65341 | FEP4: 0.650499 | FEQ4: 0.652219 | FER4: 0.651918 | FES4: 0.650051 | FET4: 0.65174 | FEU4: 0.654311 | FEV4: 0.656046 | FEW4: 0.656234 | FEX4: 0.659729 | FEY4: 0.660309 | FEZ4: 0.660593 | FFA4: 0.658427 | FFB4: 0.658093 | FFC4: 0.658657 | FFD4: 0.658 | FFE4: 0.659255 | FFF4: 0.658729 | FFG4: 0.660149 | FFH4: 0.661318 | FFI4: 0.66075 | FFJ4: 0.659367 | FFK4: 0.655641 | FFL4: 0.655235 | FFM4: 0.655369 | FFN4: 0.656281 | FFO4: 0.65599 | FFP4: 0.657728 | FFQ4: 0.656594 | FFR4: 0.658999 | FFS4: 0.659784 | FFT4: 0.660989 | FFU4: 0.660958 | FFV4: 0.661119 | FFW4: 0.663785 | FFX4: 0.662975 | FFY4: 0.661762 | FFZ4: 0.664696 | FGA4: 0.666019 | FGB4: 0.669525 | FGC4: 0.671887 | FGD4: 0.671878 | FGE4: 0.667758 | FGF4: 0.673746 | FGG4: 0.673967 | FGH4: 0.675837 | FGI4: 0.678728 | FGJ4: 0.682119 | FGK4: 0.680614 | FGL4: 0.684002 | FGM4: 0.680817 | FGN4: 0.676095 | FGO4: 0.678606 | FGP4: 0.68156 | FGQ4: 0.679771 | FGR4: 0.679667 | FGS4: 0.678275 | FGT4: 0.683534 | FGU4: 0.68219 | FGV4: 0.682467 | FGW4: 0.68406 | FGX4: 0.687662 | FGY4: 0.688579 | FGZ4: 0.687287 | FHA4: 0.685217 | FHB4: 0.683855 | FHC4: 0.681628 | FHD4: 0.680797 | FHE4: 0.680103 | FHF4: 0.678076 | FHG4: 0.677527 | FHH4: 0.677652 | FHI4: 0.679994 | FHJ4: 0.67838 | FHK4: 0.676985 | FHL4: 0.677742 | FHM4: 0.67586 | FHN4: 0.677902 | FHO4: 0.67618 | FHP4: 0.675003 | FHQ4: 0.6702 | FHR4: 0.66922 | FHS4: 0.66852 | FHT4: 0.668508 | FHU4: 0.668437 | FHV4: 0.670937 | FHW4: 0.670338 | FHX4: 0.667104 | FHY4: 0.664497 | FHZ4: 0.660973 | FIA4: 0.66119 | FIB4: 0.662399 | FIC4: 0.663933 | FID4: 0.662511 | FIE4: 0.660962 | FIF4: 0.661251 | FIG4: 0.659857 | FIH4: 0.660137 | FII4: 0.657181 | FIJ4: 0.658538 | FIK4: 0.656716 | FIL4: 0.652094 | FIM4: 0.652259 | FIN4: 0.653031 | FIO4: 0.653995 | FIP4: 0.651546 | FIQ4: 0.654646 | FIR4: 0.656482 | FIS4: 0.66041 | FIT4: 0.661351 | FIU4: 0.661182 | FIV4: 0.659554 | FIW4: 0.659254 | FIX4: 0.660327 | FIY4: 0.663134 | FIZ4: 0.662647 | FJA4: 0.663896 | FJB4: 0.663416 | FJC4: 0.661891 | FJD4: 0.661866 | FJE4: 0.662635 | FJF4: 0.662729 | FJG4: 0.660186 | FJH4: 0.65995 | FJI4: 0.659949 | FJJ4: 0.660962 | FJK4: 0.661339 | FJL4: 0.661001 | FJM4: 0.661143 | FJN4: 0.659955 | FJO4: 0.658595 | FJP4: 0.658089 | FJQ4: 0.655828 | FJR4: 0.655934 | FJS4: 0.655847 | FJT4: 0.655403 | FJU4: 0.649578 | FJV4: 0.650119 | FJW4: 0.64858 | FJX4: 0.647 | FJY4: 0.647056 | FJZ4: 0.644217 | FKA4: 0.642596 | FKB4: 0.641547 | FKC4: 0.642242 | FKD4: 0.640783 | FKE4: 0.639352 | FKF4: 0.636167 | FKG4: 0.637856 | FKH4: 0.638704 | FKI4: 0.635705 | FKJ4: 0.633032 | FKK4: 0.632656 | FKL4: 0.636026 | FKM4: 0.636281 | FKN4: 0.637836 | FKO4: 0.634293 | FKP4: 0.636693 | FKQ4: 0.633769 | FKR4: 0.635268 | FKS4: 0.637936 | FKT4: 0.637122 | FKU4: 0.636219 | FKV4: 0.633947 | FKW4: 0.634055 | FKX4: 0.632335 | FKY4: 0.629452 | FKZ4: 0.63094 | FLA4: 0.635096 | FLB4: 0.63364 | FLC4: 0.638737 | FLD4: 0.639661 | FLE4: 0.640019 | FLF4: 0.642229 | FLG4: 0.643122 | FLH4: 0.64577 | FLI4: 0.642344 | FLJ4: 0.64093 | FLK4: 0.641619 | FLL4: 0.644314 | FLM4: 0.648827 | FLN4: 0.653014 | FLO4: 0.655404 | FLP4: 0.653615 | FLQ4: 0.653138 | FLR4: 0.650779 | FLS4: 0.649688 | FLT4: 0.647126 | FLU4: 0.650938 | FLV4: 0.651629 | FLW4: 0.65005 | FLX4: 0.650219 | FLY4: 0.645617 | FLZ4: 0.649724 | FMA4: 0.651646 | FMB4: 0.65116 | FMC4: 0.652819 | FMD4: 0.653182 | FME4: 0.65331 | FMF4: 0.653843 | FMG4: 0.652833 | FMH4: 0.652549 | FMI4: 0.652237 | FMJ4: 0.649336 | FMK4: 0.646907 | FML4: 0.646668 | FMM4: 0.649241 | FMN4: 0.652858 | FMO4: 0.655759 | FMP4: 0.65632 | FMQ4: 0.654963 | FMR4: 0.654844 | FMS4: 0.650643 | FMT4: 0.646395 | FMU4: 0.644821 | FMV4: 0.643514 | FMW4: 0.642873 | FMX4: 0.643251 | FMY4: 0.642566 | FMZ4: 0.641471 | FNA4: 0.64002 | FNB4: 0.63936 | FNC4: 0.639265 | FND4: 0.640231 | FNE4: 0.637296 | FNF4: 0.636142 | FNG4: 0.636872 | FNH4: 0.639591 | FNI4: 0.641634 | FNJ4: 0.639222 | FNK4: 0.640361 | FNL4: 0.64036 | FNM4: 0.643442 | FNN4: 0.644463 | FNO4: 0.642605 | FNP4: 0.643234 | FNQ4: 0.642379 | FNR4: 0.64179 | FNS4: 0.639687 | FNT4: 0.637987 | FNU4: 0.637262 | FNV4: 0.637118 | FNW4: 0.635708 | FNX4: 0.635768 | FNY4: 0.635503 | FNZ4: 0.634788 | FOA4: 0.633629 | FOB4: 0.632067 | FOC4: 0.634747 | FOD4: 0.634659 | FOE4: 0.636677 | FOF4: 0.63798 | FOG4: 0.634088 | FOH4: 0.635363 | FOI4: 0.633534 | FOJ4: 0.630456 | FOK4: 0.630635 | FOL4: 0.62943 | FOM4: 0.627462 | FON4: 0.629596 | FOO4: 0.630096 | FOP4: 0.630232 | FOQ4: 0.632939 | FOR4: 0.632614 | FOS4: 0.633033 | FOT4: 0.630714 | FOU4: 0.632474 | FOV4: 0.631118 | FOW4: 0.631749 | FOX4: 0.629625 | FOY4: 0.629952 | FOZ4: 0.62785 | FPA4: 0.626526 | FPB4: 0.626621 | FPC4: 0.625688 | FPD4: 0.626948 | FPE4: 0.62579 | FPF4: 0.628344 | FPG4: 0.628378 | FPH4: 0.624045 | FPI4: 0.621347 | FPJ4: 0.622586 | FPK4: 0.622159 | FPL4: 0.621291 | FPM4: 0.620389 | FPN4: 0.617411 | FPO4: 0.616919 | FPP4: 0.616064 | FPQ4: 0.618305 | FPR4: 0.616966 | FPS4: 0.616402 | FPT4: 0.621884 | FPU4: 0.624959 | FPV4: 0.625899 | FPW4: 0.624875 | FPX4: 0.629424 | FPY4: 0.62706 | FPZ4: 0.630436 | FQA4: 0.629162 | FQB4: 0.628406 | FQC4: 0.628485 | FQD4: 0.628465 | FQE4: 0.633241 | FQF4: 0.631373 | FQG4: 0.631911 | FQH4: 0.629575 | FQI4: 0.627754 | FQJ4: 0.6247 | FQK4: 0.625086 | FQL4: 0.623535 | FQM4: 0.623383 | FQN4: 0.620729 | FQO4: 0.61974 | FQP4: 0.62039 | FQQ4: 0.620902 | FQR4: 0.623634 | FQS4: 0.625381 | FQT4: 0.623617 | FQU4: 0.626936 | FQV4: 0.630547 | FQW4: 0.627056 | FQX4: 0.628079 | FQY4: 0.625675 | FQZ4: 0.625906 | FRA4: 0.629275 | FRB4: 0.629141 | FRC4: 0.629487 | FRD4: 0.628811 | FRE4: 0.62606 | FRF4: 0.624825 | FRG4: 0.624836 | FRH4: 0.624824 | FRI4: 0.627577 | FRJ4: 0.628409 | FRK4: 0.629078 | FRL4: 0.631395 | FRM4: 0.634342 | FRN4: 0.631024 | FRO4: 0.628069 | FRP4: 0.628805 | FRQ4: 0.630961 | FRR4: 0.628219 | FRS4: 0.627246 | FRT4: 0.62797 | FRU4: 0.623229 | FRV4: 0.623735 | FRW4: 0.621315 | FRX4: 0.621401 | FRY4: 0.624422 | FRZ4: 0.625391 | FSA4: 0.621238 | FSB4: 0.626038 | FSC4: 0.623123 | FSD4: 0.626628 | FSE4: 0.627292 | FSF4: 0.624375 | FSG4: 0.624168 | FSH4: 0.622322 | FSI4: 0.625566 | FSJ4: 0.624712 | FSK4: 0.62372 | FSL4: 0.622313 | FSM4: 0.620302 | FSN4: 0.621497 | FSO4: 0.622213 | FSP4: 0.620821 | FSQ4: 0.619803 | FSR4: 0.62009 | FSS4: 0.621373 | FST4: 0.621481 | FSU4: 0.619977 | FSV4: 0.621758 | FSW4: 0.621365 | FSX4: 0.624582 | FSY4: 0.624787 | FSZ4: 0.626824 | FTA4: 0.62952 | FTB4: 0.629608 | FTC4: 0.634246 | FTD4: 0.637488 | FTE4: 0.637056 | FTF4: 0.635746 | FTG4: 0.633688 | FTH4: 0.633932 | FTI4: 0.63683 | FTJ4: 0.636319 | FTK4: 0.636806 | FTL4: 0.641935 | FTM4: 0.641358 | FTN4: 0.640537 | FTO4: 0.639541 | FTP4: 0.636632 | FTQ4: 0.638063 | FTR4: 0.640359 | FTS4: 0.6431 | FTT4: 0.646787 | FTU4: 0.643331 | FTV4: 0.643339 | FTW4: 0.641639 | FTX4: 0.638261 | FTY4: 0.634815 | FTZ4: 0.635797 | FUA4: 0.634699 | FUB4: 0.634917 | FUC4: 0.636127 | FUD4: 0.633469 | FUE4: 0.634168 | FUF4: 0.634913 | FUG4: 0.632613 | FUH4: 0.6304 | FUI4: 0.630685 | FUJ4: 0.628567 | FUK4: 0.626184 | FUL4: 0.630556 | FUM4: 0.636916 | FUN4: 0.634776 | FUO4: 0.634201 | FUP4: 0.633626 | FUQ4: 0.635005 | FUR4: 0.634758 | FUS4: 0.637027 | FUT4: 0.637929 | FUU4: 0.637047 | FUV4: 0.636094 | FUW4: 0.638581 | FUX4: 0.640195 | FUY4: 0.640323 | FUZ4: 0.63726 | FVA4: 0.641009 | FVB4: 0.639228 | FVC4: 0.642587 | FVD4: 0.643492 | FVE4: 0.643288 | FVF4: 0.644514 | FVG4: 0.640863 | FVH4: 0.640887 | FVI4: 0.642239 | FVJ4: 0.642698 | FVK4: 0.643277 | FVL4: 0.642256 | FVM4: 0.642147 | FVN4: 0.645445 | FVO4: 0.646152 | FVP4: 0.650795 | FVQ4: 0.650751 | FVR4: 0.649842 | FVS4: 0.650178 | FVT4: 0.648633 | FVU4: 0.64803 | FVV4: 0.648914 | FVW4: 0.648615 | FVX4: 0.648334 | FVY4: 0.648267 | FVZ4: 0.653425 | FWA4: 0.651353 | FWB4: 0.648119 | FWC4: 0.649487 | FWD4: 0.652406 | FWE4: 0.653538 | FWF4: 0.654021 | FWG4: 0.653997 | FWH4: 0.655656 | FWI4: 0.654696 | FWJ4: 0.654238 | FWK4: 0.65429 | FWL4: 0.653278 | FWM4: 0.651605 | FWN4: 0.651732 | FWO4: 0.64931 | FWP4: 0.649705 | FWQ4: 0.651067 | FWR4: 0.646772 | FWS4: 0.646353 | FWT4: 0.646235 | FWU4: 0.64471 | FWV4: 0.645372 | FWW4: 0.645043 | FWX4: 0.644762 | FWY4: 0.64715 | FWZ4: 0.645973 | FXA4: 0.642938 | FXB4: 0.643848 | FXC4: 0.644575 | FXD4: 0.64443 | FXE4: 0.646026 | FXF4: 0.647543 | FXG4: 0.650379 | FXH4: 0.647486 | FXI4: 0.646851 | FXJ4: 0.647579 | FXK4: 0.646138 | FXL4: 0.643908 | FXM4: 0.643981 | FXN4: 0.643179 | FXO4: 0.642664 | FXP4: 0.645104 | FXQ4: 0.647343 | FXR4: 0.648386 | FXS4: 0.649388 | FXT4: 0.649308 | FXU4: 0.647759 | FXV4: 0.648429 | FXW4: 0.651179 | FXX4: 0.651676 | FXY4: 0.652805 | FXZ4: 0.653022 | FYA4: 0.652744 | FYB4: 0.65011 | FYC4: 0.650278 | FYD4: 0.649451 | FYE4: 0.650091 | FYF4: 0.648578 | FYG4: 0.648465 | FYH4: 0.645976 | FYI4: 0.646405 | FYJ4: 0.647219 | FYK4: 0.645542 | FYL4: 0.645774 | FYM4: 0.645322 | FYN4: 0.64932 | FYO4: 0.650964 | FYP4: 0.650117 | FYQ4: 0.649989 | FYR4: 0.650401 | FYS4: 0.648354 | FYT4: 0.64833 | FYU4: 0.648089 | FYV4: 0.650797 | FYW4: 0.648281 | FYX4: 0.649658 | FYY4: 0.648978 | FYZ4: 0.64733 | FZA4: 0.647983 | FZB4: 0.647249 | FZC4: 0.646577 | FZD4: 0.645983 | FZE4: 0.645407 | FZF4: 0.644934 | FZG4: 0.644313 | FZH4: 0.646881 | FZI4: 0.646931 | FZJ4: 0.646859 | FZK4: 0.647971 | FZL4: 0.648575 | FZM4: 0.64944 | FZN4: 0.650116 | FZO4: 0.650606 | FZP4: 0.65183 | FZQ4: 0.652265 | FZR4: 0.655847 | FZS4: 0.656302 | FZT4: 0.655953 | FZU4: 0.654348 | FZV4: 0.655164 | FZW4: 0.656766 | FZX4: 0.658575 | FZY4: 0.65873 | FZZ4: 0.659414 | GAA4: 0.661561 | GAB4: 0.662139 | GAC4: 0.663921 | GAD4: 0.660616 | GAE4: 0.662034 | GAF4: 0.660794 | GAG4: 0.65913 | GAH4: 0.661883 | GAI4: 0.659485 | GAJ4: 0.660751 | GAK4: 0.660182 | GAL4: 0.659323 | GAM4: 0.658005 | GAN4: 0.657524 | GAO4: 0.657591 | GAP4: 0.655941 | GAQ4: 0.657137 | GAR4: 0.660231 | GAS4: 0.661292 | GAT4: 0.660352 | GAU4: 0.660563 | GAV4: 0.661988 | GAW4: 0.658958 | GAX4: 0.657989 | GAY4: 0.658879 | GAZ4: 0.660379 | GBA4: 0.663324 | GBB4: 0.664643 | GBC4: 0.664326 | GBD4: 0.664363 | GBE4: 0.666818 | GBF4: 0.666551 | GBG4: 0.666211 | GBH4: 0.664016 | GBI4: 0.664918 | GBJ4: 0.662953 | GBK4: 0.66413 | GBL4: 0.666415 | GBM4: 0.667318 | GBN4: 0.666453 | GBO4: 0.664614 | GBP4: 0.662072 | GBQ4: 0.66322 | GBR4: 0.662984 | GBS4: 0.662717 | GBT4: 0.663852 | GBU4: 0.663409 | GBV4: 0.662364 | GBW4: 0.660761 | GBX4: 0.661893 | GBY4: 0.66271 | GBZ4: 0.663727 | GCA4: 0.661894 | GCB4: 0.661832 | GCC4: 0.663557 | GCD4: 0.663896 | GCE4: 0.662463 | GCF4: 0.663362 | GCG4: 0.661116 | GCH4: 0.660209 | GCI4: 0.657405 | GCJ4: 0.658023 | GCK4: 0.658541 | GCL4: 0.658069 | GCM4: 0.657562 | GCN4: 0.657757 | GCO4: 0.657024 | GCP4: 0.656657 | GCQ4: 0.65721 | GCR4: 0.655977 | GCS4: 0.655009 | GCT4: 0.652383 | GCU4: 0.651741 | GCV4: 0.648977 | GCW4: 0.649224 | GCX4: 0.645432 | GCY4: 0.645378 | GCZ4: 0.64644 | GDA4: 0.64795 | GDB4: 0.64839 | GDC4: 0.647038 | GDD4: 0.649038 | GDE4: 0.64871 | GDF4: 0.649602 | GDG4: 0.649437 | GDH4: 0.648429 | GDI4: 0.649349 | GDJ4: 0.649152 | GDK4: 0.649587 | GDL4: 0.649099 | GDM4: 0.647565 | GDN4: 0.649701 | GDO4: 0.65094 | GDP4: 0.649901 | GDQ4: 0.648872 | GDR4: 0.649261 | GDS4: 0.648267 | GDT4: 0.646022 | GDU4: 0.646636 | GDV4: 0.648087 | GDW4: 0.648284 | GDX4: 0.649758 | GDY4: 0.65081 | GDZ4: 0.649399 | GEA4: 0.65112 | GEB4: 0.651205 | GEC4: 0.650095 | GED4: 0.64911 | GEE4: 0.649817 | GEF4: 0.651726 | GEG4: 0.653967 | GEH4: 0.653642 | GEI4: 0.653316 | GEJ4: 0.654618 | GEK4: 0.654641 | GEL4: 0.655216 | GEM4: 0.655082 | GEN4: 0.655211 | GEO4: 0.655768 | GEP4: 0.656252 | GEQ4: 0.655334 | GER4: 0.654741 | GES4: 0.655527 | GET4: 0.652039 | GEU4: 0.652211 | GEV4: 0.65338 | GEW4: 0.651678 | GEX4: 0.651546 | GEY4: 0.650814 | GEZ4: 0.649392 | GFA4: 0.6496 | GFB4: 0.650089 | GFC4: 0.652863 | GFD4: 0.652965 | GFE4: 0.651498 | GFF4: 0.650937 | GFG4: 0.650768 | GFH4: 0.650635 | GFI4: 0.64906 | GFJ4: 0.648664 | GFK4: 0.647024 | GFL4: 0.647148 | GFM4: 0.648323 | GFN4: 0.649452 | GFO4: 0.648726 | GFP4: 0.650652 | GFQ4: 0.649263 | GFR4: 0.652068 | GFS4: 0.655783 | GFT4: 0.654763 | GFU4: 0.652706 | GFV4: 0.654314 | GFW4: 0.653654 | GFX4: 0.651158 | GFY4: 0.649709 | GFZ4: 0.64951 | GGA4: 0.650107 | GGB4: 0.649937 | GGC4: 0.650816 | GGD4: 0.650601 | GGE4: 0.650603 | GGF4: 0.651755 | GGG4: 0.650978 | GGH4: 0.65101 | GGI4: 0.65082 | GGJ4: 0.649078 | GGK4: 0.648788 | GGL4: 0.647632 | GGM4: 0.650038 | GGN4: 0.650144 | GGO4: 0.651335 | GGP4: 0.65059 | GGQ4: 0.652308 | GGR4: 0.653672 | GGS4: 0.653395 | GGT4: 0.652474 | GGU4: 0.655476 | GGV4: 0.65511 | GGW4: 0.655648 | GGX4: 0.655735 | GGY4: 0.659129 | GGZ4: 0.659578 | GHA4: 0.65868 | GHB4: 0.661033 | GHC4: 0.660374 | GHD4: 0.66014 | GHE4: 0.663345 | GHF4: 0.663889 | GHG4: 0.662449 | GHH4: 0.662799 | GHI4: 0.664214 | GHJ4: 0.66318 | GHK4: 0.666248 | GHL4: 0.66594 | GHM4: 0.665462 | GHN4: 0.66761 | GHO4: 0.663685 | GHP4: 0.665523 | GHQ4: 0.665741 | GHR4: 0.666323 | GHS4: 0.665786 | GHT4: 0.66483 | GHU4: 0.663969 | GHV4: 0.666607 | GHW4: 0.668373 | GHX4: 0.667549 | GHY4: 0.667024 | GHZ4: 0.665506 | GIA4: 0.666112 | GIB4: 0.666949 | GIC4: 0.668675 | GID4: 0.666089 | GIE4: 0.665145 | GIF4: 0.665109 | GIG4: 0.664255 | GIH4: 0.663338 | GII4: 0.66432 | GIJ4: 0.663474 | GIK4: 0.663183 | GIL4: 0.662892 | GIM4: 0.664584 | GIN4: 0.664013 | GIO4: 0.665789 | GIP4: 0.666183 | GIQ4: 0.665878 | GIR4: 0.663833 | GIS4: 0.664781 | GIT4: 0.662585 | GIU4: 0.662691 | GIV4: 0.660059 | GIW4: 0.660451 | GIX4: 0.66184 | GIY4: 0.663571 | GIZ4: 0.662557 | GJA4: 0.662426 | GJB4: 0.661472 | GJC4: 0.666725 | GJD4: 0.667146 | GJE4: 0.668049 | GJF4: 0.670985 | GJG4: 0.670743 | GJH4: 0.670511 | GJI4: 0.670802 | GJJ4: 0.67105 | GJK4: 0.670215 | GJL4: 0.670432 | GJM4: 0.668821 | GJN4: 0.669674 | GJO4: 0.669405 | GJP4: 0.668104 | GJQ4: 0.667215 | GJR4: 0.666509 | GJS4: 0.664768 | GJT4: 0.664652 | GJU4: 0.663011 | GJV4: 0.657921 | GJW4: 0.660402 | GJX4: 0.65856 | GJY4: 0.657558 | GJZ4: 0.655321 | GKA4: 0.655986 | GKB4: 0.655217 | GKC4: 0.65519 | GKD4: 0.654785 | GKE4: 0.660783 | GKF4: 0.660229 | GKG4: 0.662971 | GKH4: 0.661851 | GKI4: 0.664395 | GKJ4: 0.664998 | GKK4: 0.664912 | GKL4: 0.665691 | GKM4: 0.666186 | GKN4: 0.667165 | GKO4: 0.671723 | GKP4: 0.671798 | GKQ4: 0.67183 | GKR4: 0.665849 | GKS4: 0.666125 | GKT4: 0.667178 | GKU4: 0.664851 | GKV4: 0.663811 | GKW4: 0.664933 | GKX4: 0.66467 | GKY4: 0.662725 | GKZ4: 0.662904 | GLA4: 0.661717 | GLB4: 0.662633 | GLC4: 0.66 | GLD4: 0.659361 | GLE4: 0.660181 | GLF4: 0.660826 | GLG4: 0.662029 | GLH4: 0.663244 | GLI4: 0.660283 | GLJ4: 0.660002 | GLK4: 0.658678 | GLL4: 0.65668 | GLM4: 0.656384 | GLN4: 0.658152 | GLO4: 0.659058 | GLP4: 0.659891 | GLQ4: 0.658695 | GLR4: 0.657029 | GLS4: 0.656908 | GLT4: 0.656012 | GLU4: 0.656035 | GLV4: 0.658488 | GLW4: 0.657711 | GLX4: 0.657494 | GLY4: 0.657719 | GLZ4: 0.657636 | GMA4: 0.659547 | GMB4: 0.659946 | GMC4: 0.661476 | GMD4: 0.661149 | GME4: 0.660851 | GMF4: 0.662917 | GMG4: 0.660663 | GMH4: 0.659918 | GMI4: 0.659404 | GMJ4: 0.658016 | GMK4: 0.65833 | GML4: 0.656355 | GMM4: 0.656294 | GMN4: 0.656035 | GMO4: 0.651892 | GMP4: 0.652631 | GMQ4: 0.652687 | GMR4: 0.653541 | GMS4: 0.652606 | GMT4: 0.65269 | GMU4: 0.652472 | GMV4: 0.651855 | GMW4: 0.650669 | GMX4: 0.651057 | GMY4: 0.649736 | GMZ4: 0.650322 | GNA4: 0.650418 | GNB4: 0.650525 | GNC4: 0.65209 | GND4: 0.652417 | GNE4: 0.65172 | GNF4: 0.653585 | GNG4: 0.651906 | GNH4: 0.650204 | GNI4: 0.647973 | GNJ4: 0.648788 | GNK4: 0.649172 | GNL4: 0.647356 | GNM4: 0.646074 | GNN4: 0.645989 | GNO4: 0.646312 | GNP4: 0.64767 | GNQ4: 0.647862 | GNR4: 0.650178 | GNS4: 0.652849 | GNT4: 0.653049 | GNU4: 0.652743 | GNV4: 0.65245 | GNW4: 0.652567 | GNX4: 0.653876 | GNY4: 0.6552 | GNZ4: 0.656266 | GOA4: 0.655149 | GOB4: 0.654847 | GOC4: 0.654503 | GOD4: 0.653179 | GOE4: 0.653437 | GOF4: 0.65254 | GOG4: 0.654152 | GOH4: 0.653187 | GOI4: 0.653183 | GOJ4: 0.652737 | GOK4: 0.651378 | GOL4: 0.652724 | GOM4: 0.651726 | GON4: 0.651676 | GOO4: 0.651596 | GOP4: 0.650072 | GOQ4: 0.649581 | GOR4: 0.648843 | GOS4: 0.648429 | GOT4: 0.648041 | GOU4: 0.650248 | GOV4: 0.648603 | GOW4: 0.649421 | GOX4: 0.649088 | GOY4: 0.650636 | GOZ4: 0.651594 | GPA4: 0.650719 | GPB4: 0.650922 | GPC4: 0.650639 | GPD4: 0.647162 | GPE4: 0.649351 | GPF4: 0.650475 | GPG4: 0.651216 | GPH4: 0.652334 | GPI4: 0.651529 | GPJ4: 0.652612 | GPK4: 0.652217 | GPL4: 0.652481 | GPM4: 0.650322 | GPN4: 0.650329 | GPO4: 0.651737 | GPP4: 0.652463 | GPQ4: 0.652096 | GPR4: 0.653738 | GPS4: 0.652358 | GPT4: 0.650716 | GPU4: 0.648066 | GPV4: 0.649377 | GPW4: 0.650101 | GPX4: 0.649573 | GPY4: 0.650936 | GPZ4: 0.651805 | GQA4: 0.652988 | GQB4: 0.652662 | GQC4: 0.652711 | GQD4: 0.652709 | GQE4: 0.652001 | GQF4: 0.650638 | GQG4: 0.649926 | GQH4: 0.651019 | GQI4: 0.648848 | GQJ4: 0.647623 | GQK4: 0.647731 | GQL4: 0.647182 | GQM4: 0.64812 | GQN4: 0.648128 | GQO4: 0.647715 | GQP4: 0.647263 | GQQ4: 0.647355 | GQR4: 0.648777 | GQS4: 0.646244 | GQT4: 0.646324 | GQU4: 0.646754 | GQV4: 0.647554 | GQW4: 0.647268 | GQX4: 0.644428 | GQY4: 0.645778 | GQZ4: 0.646271 | GRA4: 0.64575 | GRB4: 0.643607 | GRC4: 0.644808 | GRD4: 0.64486 | GRE4: 0.644014 | GRF4: 0.643876 | GRG4: 0.647631 | GRH4: 0.647238 | GRI4: 0.647941 | GRJ4: 0.64705 | GRK4: 0.64718 | GRL4: 0.64719 | GRM4: 0.647773 | GRN4: 0.646986 | GRO4: 0.647147 | GRP4: 0.647409 | GRQ4: 0.648153 | GRR4: 0.649271 | GRS4: 0.64863 | GRT4: 0.646952 | GRU4: 0.645845 | GRV4: 0.644302 | GRW4: 0.644067 | GRX4: 0.645321 | GRY4: 0.645979 | GRZ4: 0.645148 | GSA4: 0.644687 | GSB4: 0.645644 | GSC4: 0.64617 | GSD4: 0.645537 | GSE4: 0.64496 | GSF4: 0.64557 | GSG4: 0.644967 | GSH4: 0.6444 | GSI4: 0.644909 | GSJ4: 0.64529 | GSK4: 0.64395 | GSL4: 0.644536 | GSM4: 0.643907 | GSN4: 0.642413 | GSO4: 0.642383 | GSP4: 0.642279 | GSQ4: 0.645061 | GSR4: 0.645949 | GSS4: 0.647181 | GST4: 0.647333 | GSU4: 0.648363 | GSV4: 0.647253 | GSW4: 0.646625 | GSX4: 0.646986 | GSY4: 0.646848 | GSZ4: 0.647348 | GTA4: 0.648673 | GTB4: 0.648236 | GTC4: 0.648984 | GTD4: 0.649023 | GTE4: 0.649152 | GTF4: 0.649239 | GTG4: 0.649557 | GTH4: 0.649424 | GTI4: 0.64943 | GTJ4: 0.648755 | GTK4: 0.648924 | GTL4: 0.650434 | GTM4: 0.650497 | GTN4: 0.650503 | GTO4: 0.649552 | GTP4: 0.649357 | GTQ4: 0.648931 | GTR4: 0.649208 | GTS4: 0.647647 | GTT4: 0.648206 | GTU4: 0.648312 | GTV4: 0.647828 | GTW4: 0.648283 | GTX4: 0.647737 | GTY4: 0.647616 | GTZ4: 0.646876 | GUA4: 0.645839 | GUB4: 0.646106 | GUC4: 0.64663 | GUD4: 0.647718 | GUE4: 0.647668 | GUF4: 0.647346 | GUG4: 0.647149 | GUH4: 0.647209 | GUI4: 0.647037 | GUJ4: 0.647218 | GUK4: 0.648688 | GUL4: 0.648765 | GUM4: 0.648869 | GUN4: 0.648929 | GUO4: 0.649821 | GUP4: 0.649996 | GUQ4: 0.650244 | GUR4: 0.650873 | GUS4: 0.651119 | GUT4: 0.65137 | GUU4: 0.65224 | GUV4: 0.653037 | GUW4: 0.653141 | GUX4: 0.652655 | GUY4: 0.652935 | GUZ4: 0.653838 | GVA4: 0.653051 | GVB4: 0.652777 | GVC4: 0.653048 | GVD4: 0.654081 | GVE4: 0.654189 | GVF4: 0.654019 | GVG4: 0.653999 | GVH4: 0.653558 | GVI4: 0.654764 | GVJ4: 0.65638 | GVK4: 0.657187 | GVL4: 0.657028 | GVM4: 0.658402 | GVN4: 0.658437 | GVO4: 0.658726 | GVP4: 0.658694 | GVQ4: 0.658595 | GVR4: 0.660627 | GVS4: 0.660461 | GVT4: 0.660836 | GVU4: 0.664901 | GVV4: 0.665985 | GVW4: 0.667456 | GVX4: 0.666508 | GVY4: 0.666877 | GVZ4: 0.666656 | GWA4: 0.666781 | GWB4: 0.666579 | GWC4: 0.665866 | GWD4: 0.667846 | GWE4: 0.667952 | GWF4: 0.668767 | GWG4: 0.667361 | GWH4: 0.668135 | GWI4: 0.671162 | GWJ4: 0.670643 | GWK4: 0.672343 | GWL4: 0.674498 | GWM4: 0.674459 | GWN4: 0.673279 | GWO4: 0.674222 | GWP4: 0.676125 | GWQ4: 0.674595 | GWR4: 0.673059 | GWS4: 0.670133 | GWT4: 0.672758 | GWU4: 0.673184 | GWV4: 0.673699 | GWW4: 0.67069 | GWX4: 0.669145 | GWY4: 0.670119 | GWZ4: 0.670236 | GXA4: 0.671997 | GXB4: 0.672929 | GXC4: 0.673358 | GXD4: 0.672518 | GXE4: 0.672067 | GXF4: 0.671437 | GXG4: 0.67532 | GXH4: 0.67644 | GXI4: 0.678972 | GXJ4: 0.678614 | GXK4: 0.680505 | GXL4: 0.679298 | GXM4: 0.682596 | GXN4: 0.680002 | GXO4: 0.682335 | GXP4: 0.681282 | GXQ4: 0.681845 | GXR4: 0.683013 | GXS4: 0.682139 | GXT4: 0.681643 | GXU4: 0.681556 | GXV4: 0.681746 | GXW4: 0.68398 | GXX4: 0.684256 | GXY4: 0.683766 | GXZ4: 0.682948 | GYA4: 0.683269 | GYB4: 0.684005 | GYC4: 0.686641 | GYD4: 0.687042 | GYE4: 0.686457 | GYF4: 0.688649 | GYG4: 0.68651 | GYH4: 0.685354 | GYI4: 0.683277 | GYJ4: 0.683219 | GYK4: 0.68428 | GYL4: 0.680356 | GYM4: 0.682617 | GYN4: 0.686488 | GYO4: 0.687969 | GYP4: 0.688269 | GYQ4: 0.689356 | GYR4: 0.690103 | GYS4: 0.690272 | GYT4: 0.690425 | GYU4: 0.690224 | GYV4: 0.697589 | GYW4: 0.697818 | GYX4: 0.699599 | GYY4: 0.701154 | GYZ4: 0.699698 | GZA4: 0.699968 | GZB4: 0.69983 | GZC4: 0.699614 | GZD4: 0.700505 | GZE4: 0.702976 | GZF4: 0.704228 | GZG4: 0.703999 | GZH4: 0.702668 | GZI4: 0.713655 | GZJ4: 0.712344 | GZK4: 0.710832 | GZL4: 0.708329 | GZM4: 0.709753 | GZN4: 0.709319 | GZO4: 0.709785 | GZP4: 0.709302 | GZQ4: 0.706014 | GZR4: 0.706398 | GZS4: 0.705553 | GZT4: 0.709467 | GZU4: 0.710417 | GZV4: 0.70979 | GZW4: 0.708707 | GZX4: 0.706465 | GZY4: 0.705948 | GZZ4: 0.707426 | HAA4: 0.706554 | HAB4: 0.708542 | HAC4: 0.708905 | HAD4: 0.708436 | HAE4: 0.707378 | HAF4: 0.707123 | HAG4: 0.710533 | HAH4: 0.710827 | HAI4: 0.712497 | HAJ4: 0.713189 | HAK4: 0.715659 | HAL4: 0.718413 | HAM4: 0.720965 | HAN4: 0.724316 | HAO4: 0.727176 | HAP4: 0.72655 | HAQ4: 0.729444 | HAR4: 0.730356 | HAS4: 0.728589 | HAT4: 0.729552 | HAU4: 0.725597 | HAV4: 0.726116 | HAW4: 0.720784 | HAX4: 0.718709 | HAY4: 0.718568 | HAZ4: 0.718032 | HBA4: 0.721371 | HBB4: 0.722802 | HBC4: 0.724905 | HBD4: 0.724763 | HBE4: 0.723117 | HBF4: 0.718369 | HBG4: 0.717742 | HBH4: 0.721779 | HBI4: 0.721047 | HBJ4: 0.724269 | HBK4: 0.729586 | HBL4: 0.731211 | HBM4: 0.729411 | HBN4: 0.728539 | HBO4: 0.724471 | HBP4: 0.721283 | HBQ4: 0.72416 | HBR4: 0.725525 | HBS4: 0.722671 | HBT4: 0.72372 | HBU4: 0.72125 | HBV4: 0.720369 | HBW4: 0.717208 | HBX4: 0.7158 | HBY4: 0.711027 | HBZ4: 0.710595 | HCA4: 0.714363 | HCB4: 0.714753 | HCC4: 0.711725 | HCD4: 0.709004 | HCE4: 0.711069 | HCF4: 0.711954 | HCG4: 0.708779 | HCH4: 0.709263 | HCI4: 0.703978 | HCJ4: 0.706225 | HCK4: 0.705152 | HCL4: 0.710505 | HCM4: 0.713513 | HCN4: 0.711023 | HCO4: 0.710769 | HCP4: 0.718831 | HCQ4: 0.719945 | HCR4: 0.719628 | HCS4: 0.719165 | HCT4: 0.720273 | HCU4: 0.718283 | HCV4: 0.715671 | HCW4: 0.709563 | HCX4: 0.713541 | HCY4: 0.716063 | HCZ4: 0.712369 | HDA4: 0.710397 | HDB4: 0.711191 | HDC4: 0.712793 | HDD4: 0.71205 | HDE4: 0.710833 | HDF4: 0.710029 | HDG4: 0.705606 | HDH4: 0.708165 | HDI4: 0.707424 | HDJ4: 0.710446 | HDK4: 0.711045 | HDL4: 0.711284 | HDM4: 0.710904 | HDN4: 0.712641 | HDO4: 0.711039 | HDP4: 0.713183 | HDQ4: 0.714622 | HDR4: 0.71536 | HDS4: 0.716879 | HDT4: 0.716419 | HDU4: 0.715586 | HDV4: 0.711913 | HDW4: 0.714842 | HDX4: 0.71575 | HDY4: 0.715503 | HDZ4: 0.718717 | HEA4: 0.718907 | HEB4: 0.720164 | HEC4: 0.719859 | HED4: 0.717857 | HEE4: 0.716349 | HEF4: 0.717889 | HEG4: 0.715085 | HEH4: 0.715623 | HEI4: 0.714798 | HEJ4: 0.717171 | HEK4: 0.717 | HEL4: 0.717204 | HEM4: 0.716831 | HEN4: 0.719424 | HEO4: 0.718761 | HEP4: 0.718692 | HEQ4: 0.718832 | HER4: 0.716085 | HES4: 0.713417 | HET4: 0.713906 | HEU4: 0.712434 | HEV4: 0.714478 | HEW4: 0.714474 | HEX4: 0.715213 | HEY4: 0.712207 | HEZ4: 0.708945 | HFA4: 0.703601 | HFB4: 0.703097 | HFC4: 0.705335 | HFD4: 0.70943 | HFE4: 0.71018 | HFF4: 0.712352 | HFG4: 0.710296 | HFH4: 0.710719 | HFI4: 0.711747 | HFJ4: 0.71344 | HFK4: 0.712575 | HFL4: 0.713031 | HFM4: 0.712272 | HFN4: 0.710154 | HFO4: 0.70885 | HFP4: 0.70897 | HFQ4: 0.711046 | HFR4: 0.708483 | HFS4: 0.705081 | HFT4: 0.709118 | HFU4: 0.712098 | HFV4: 0.712893 | HFW4: 0.711405 | HFX4: 0.713489 | HFY4: 0.713161 | HFZ4: 0.711869 | HGA4: 0.712385 | HGB4: 0.71413 | HGC4: 0.713798 | HGD4: 0.711808 | HGE4: 0.712617 | HGF4: 0.71079 | HGG4: 0.709708 | HGH4: 0.70848 | HGI4: 0.708408 | HGJ4: 0.707118 | HGK4: 0.705256 | HGL4: 0.70774 | HGM4: 0.708127 | HGN4: 0.707006 | HGO4: 0.7078 | HGP4: 0.708465 | HGQ4: 0.714084 | HGR4: 0.716048 | HGS4: 0.71491 | HGT4: 0.715083 | HGU4: 0.717797 | HGV4: 0.715884 | HGW4: 0.715409 | HGX4: 0.716763 | HGY4: 0.717724 | HGZ4: 0.719432 | HHA4: 0.720785 | HHB4: 0.723773 | HHC4: 0.724789 | HHD4: 0.72471 | HHE4: 0.724565 | HHF4: 0.722501 | HHG4: 0.723977 | HHH4: 0.72572 | HHI4: 0.725684 | HHJ4: 0.724181 | HHK4: 0.724729 | HHL4: 0.726977 | HHM4: 0.726362 | HHN4: 0.728034 | HHO4: 0.728775 | HHP4: 0.727843 | HHQ4: 0.728144 | HHR4: 0.729988 | HHS4: 0.721127 | HHT4: 0.723384 | HHU4: 0.722484 | HHV4: 0.720433 | HHW4: 0.71873 | HHX4: 0.718394 | HHY4: 0.718266 | HHZ4: 0.717447 | HIA4: 0.720374 | HIB4: 0.723091 | HIC4: 0.722751 | HID4: 0.722203 | HIE4: 0.720495 | HIF4: 0.720585 | HIG4: 0.719837 | HIH4: 0.719246 | HII4: 0.719916 | HIJ4: 0.721055 | HIK4: 0.721641 | HIL4: 0.720675 | HIM4: 0.724868 | HIN4: 0.724833 | HIO4: 0.722373 | HIP4: 0.722368 | HIQ4: 0.721724 | HIR4: 0.723512 | HIS4: 0.72465 | HIT4: 0.722057 | HIU4: 0.72278 | HIV4: 0.724255 | HIW4: 0.72335 | HIX4: 0.723791 | HIY4: 0.725056 | HIZ4: 0.725801 | HJA4: 0.725658 | HJB4: 0.724048 | HJC4: 0.723376 | HJD4: 0.724377 | HJE4: 0.725783 | HJF4: 0.723442 | HJG4: 0.722419 | HJH4: 0.71562 | HJI4: 0.715113 | HJJ4: 0.717219 | HJK4: 0.714476 | HJL4: 0.71291 | HJM4: 0.710038 | HJN4: 0.711327 | HJO4: 0.715257 | HJP4: 0.716154 | HJQ4: 0.716731 | HJR4: 0.716606 | HJS4: 0.7193 | HJT4: 0.719647 | HJU4: 0.721535 | HJV4: 0.719814 | HJW4: 0.720201 | HJX4: 0.723948 | HJY4: 0.723524 | HJZ4: 0.724485 | HKA4: 0.723371 | HKB4: 0.720451 | HKC4: 0.721049 | HKD4: 0.718972 | HKE4: 0.71965 | HKF4: 0.720237 | HKG4: 0.716935 | HKH4: 0.716589 | HKI4: 0.717492 | HKJ4: 0.718296 | HKK4: 0.71033 | HKL4: 0.711167 | HKM4: 0.711676 | HKN4: 0.713489 | HKO4: 0.715231 | HKP4: 0.716429 | HKQ4: 0.716276 | HKR4: 0.714745 | HKS4: 0.714903 | HKT4: 0.710935 | HKU4: 0.709814 | HKV4: 0.709657 | HKW4: 0.710735 | HKX4: 0.710306 | HKY4: 0.711267 | HKZ4: 0.709714 | HLA4: 0.710058 | HLB4: 0.708382 | HLC4: 0.707575 | HLD4: 0.710714 | HLE4: 0.712242 | HLF4: 0.711447 | HLG4: 0.710504 | HLH4: 0.70942 | HLI4: 0.708604 | HLJ4: 0.710064 | HLK4: 0.711426 | HLL4: 0.711512 | HLM4: 0.710181 | HLN4: 0.709575 | HLO4: 0.707484 | HLP4: 0.705552 | HLQ4: 0.702561 | HLR4: 0.700762 | HLS4: 0.704263 | HLT4: 0.705903 | HLU4: 0.705523 | HLV4: 0.707138 | HLW4: 0.708423 | HLX4: 0.707529 | HLY4: 0.707733 | HLZ4: 0.708733 | HMA4: 0.709474 | HMB4: 0.709203 | HMC4: 0.710146 | HMD4: 0.711027 | HME4: 0.711324 | HMF4: 0.71164 | HMG4: 0.711505 | HMH4: 0.712287 | HMI4: 0.711239 | HMJ4: 0.711325 | HMK4: 0.71282 | HML4: 0.712862 | HMM4: 0.711768 | HMN4: 0.713149 | HMO4: 0.708163 | HMP4: 0.706843 | HMQ4: 0.706281 | HMR4: 0.707231 | HMS4: 0.708521 | HMT4: 0.71022 | HMU4: 0.711173 | HMV4: 0.71113 | HMW4: 0.710633 | HMX4: 0.708877 | HMY4: 0.705573 | HMZ4: 0.704983 | HNA4: 0.706086 | HNB4: 0.703316 | HNC4: 0.715273 | HND4: 0.71857 | HNE4: 0.716649 | HNF4: 0.7164 | HNG4: 0.714876 | HNH4: 0.716352 | HNI4: 0.7159 | HNJ4: 0.717947 | HNK4: 0.717792 | HNL4: 0.718096 | HNM4: 0.719622 | HNN4: 0.718424 | HNO4: 0.718427 | HNP4: 0.718794 | HNQ4: 0.7174 | HNR4: 0.72003 | HNS4: 0.720464 | HNT4: 0.721754 | HNU4: 0.721429 | HNV4: 0.721785 | HNW4: 0.72232 | HNX4: 0.721041 | HNY4: 0.72195 | HNZ4: 0.719258 | HOA4: 0.717679 | HOB4: 0.715855 | HOC4: 0.714675 | HOD4: 0.71356 | HOE4: 0.71543 | HOF4: 0.715686 | HOG4: 0.718367 | HOH4: 0.7187 | HOI4: 0.715746 | HOJ4: 0.716822 | HOK4: 0.717244 | HOL4: 0.716551 | HOM4: 0.713212 | HON4: 0.713672 | HOO4: 0.711465 | HOP4: 0.711531 | HOQ4: 0.712542 | HOR4: 0.711002 | HOS4: 0.711819 | HOT4: 0.711945 | HOU4: 0.711981 | HOV4: 0.715969 | HOW4: 0.716414 | HOX4: 0.717184 | HOY4: 0.716629 | HOZ4: 0.715776 | HPA4: 0.715583 | HPB4: 0.712554 | HPC4: 0.711695 | HPD4: 0.713234 | HPE4: 0.714039 | HPF4: 0.713875 | HPG4: 0.714695 | HPH4: 0.714126 | HPI4: 0.714348 | HPJ4: 0.71644 | HPK4: 0.716537 | HPL4: 0.716833 | HPM4: 0.714142 | HPN4: 0.71484 | HPO4: 0.714481 | HPP4: 0.714175 | HPQ4: 0.714744 | HPR4: 0.715153 | HPS4: 0.716428 | HPT4: 0.71547 | HPU4: 0.718008 | HPV4: 0.717738 | HPW4: 0.718874 | HPX4: 0.721444 | HPY4: 0.723439 | HPZ4: 0.724577 | HQA4: 0.724869 | HQB4: 0.725353 | HQC4: 0.726178 | HQD4: 0.724999 | HQE4: 0.725126 | HQF4: 0.725737 | HQG4: 0.72805 | HQH4: 0.728009 | HQI4: 0.728756 | HQJ4: 0.727771 | HQK4: 0.727916 | HQL4: 0.729018 | HQM4: 0.727882 | HQN4: 0.725845 | HQO4: 0.722981 | HQP4: 0.722851 | HQQ4: 0.721892 | HQR4: 0.724089 | HQS4: 0.724949 | HQT4: 0.722903 | HQU4: 0.729281 | HQV4: 0.728502 | HQW4: 0.73196 | HQX4: 0.733379 | HQY4: 0.735749 | HQZ4: 0.734192 | HRA4: 0.737556 | HRB4: 0.737919 | HRC4: 0.737873 | HRD4: 0.738823 | HRE4: 0.73977 | HRF4: 0.739589 | HRG4: 0.738682 | HRH4: 0.73892 | HRI4: 0.737942 | HRJ4: 0.736481 | HRK4: 0.735421 | HRL4: 0.736814 | HRM4: 0.734736 | HRN4: 0.740759 | HRO4: 0.740299 | HRP4: 0.73973 | HRQ4: 0.738596 | HRR4: 0.746391 | HRS4: 0.745981 | HRT4: 0.746037 | HRU4: 0.747714 | HRV4: 0.746531 | HRW4: 0.746176 | HRX4: 0.74644 | HRY4: 0.746465 | HRZ4: 0.747637 | HSA4: 0.74622 | HSB4: 0.743864 | HSC4: 0.748168 | HSD4: 0.746229 | HSE4: 0.743531 | HSF4: 0.740922 | HSG4: 0.744055 | HSH4: 0.74295 | HSI4: 0.744509 | HSJ4: 0.73924 | HSK4: 0.740056 | HSL4: 0.737067 | HSM4: 0.737615 | HSN4: 0.738881 | HSO4: 0.736349 | HSP4: 0.73566 | HSQ4: 0.735201 | HSR4: 0.736019 | HSS4: 0.737741 | HST4: 0.738338 | HSU4: 0.735928 | HSV4: 0.733682 | HSW4: 0.732694 | HSX4: 0.735814 | HSY4: 0.735191 | HSZ4: 0.737321 | HTA4: 0.737407 | HTB4: 0.736437 | HTC4: 0.738543 | HTD4: 0.738339 | HTE4: 0.738476 | HTF4: 0.740788 | HTG4: 0.738321 | HTH4: 0.738073 | HTI4: 0.740826 | HTJ4: 0.741312 | HTK4: 0.740009 | HTL4: 0.738019 | HTM4: 0.739242 | HTN4: 0.738611 | HTO4: 0.741586 | HTP4: 0.742416 | HTQ4: 0.742697 | HTR4: 0.741199 | HTS4: 0.741765 | HTT4: 0.742524 | HTU4: 0.742643 | HTV4: 0.742118 | HTW4: 0.739908 | HTX4: 0.741417 | HTY4: 0.740962 | HTZ4: 0.737426 | HUA4: 0.737019 | HUB4: 0.736545 | HUC4: 0.734522 | HUD4: 0.734349 | HUE4: 0.734089 | HUF4: 0.733615 | HUG4: 0.731474 | HUH4: 0.732123 | HUI4: 0.734287 | HUJ4: 0.73534 | HUK4: 0.737002 | HUL4: 0.737026 | HUM4: 0.737096 | HUN4: 0.736625 | HUO4: 0.736951 | HUP4: 0.737741 | HUQ4: 0.739368 | HUR4: 0.738213 | HUS4: 0.737479 | HUT4: 0.736055 | HUU4: 0.736167 | HUV4: 0.735711 | HUW4: 0.734766 | HUX4: 0.732683 | HUY4: 0.732379 | HUZ4: 0.733628 | HVA4: 0.730816 | HVB4: 0.730498 | HVC4: 0.730764 | HVD4: 0.730413 | HVE4: 0.729382 | HVF4: 0.730224 | HVG4: 0.730248 | HVH4: 0.730316 | HVI4: 0.730504 | HVJ4: 0.729562 | HVK4: 0.729715 | HVL4: 0.731662 | HVM4: 0.732056 | HVN4: 0.732358 | HVO4: 0.732325 | HVP4: 0.729733 | HVQ4: 0.728194 | HVR4: 0.726032 | HVS4: 0.72421 | HVT4: 0.724322 | HVU4: 0.722952 | HVV4: 0.722859 | HVW4: 0.724108 | HVX4: 0.723333 | HVY4: 0.72279 | HVZ4: 0.724326 | HWA4: 0.722376 | HWB4: 0.722137 | HWC4: 0.722906 | HWD4: 0.721647 | HWE4: 0.720682 | HWF4: 0.721697 | HWG4: 0.721325 | HWH4: 0.723519 | HWI4: 0.722916 | HWJ4: 0.722954 | HWK4: 0.723104 | HWL4: 0.723486 | HWM4: 0.724175 | HWN4: 0.723335 | HWO4: 0.725467 | HWP4: 0.725308 | HWQ4: 0.725165 | HWR4: 0.724885 | HWS4: 0.724998 | HWT4: 0.7229 | HWU4: 0.720685 | HWV4: 0.719101 | HWW4: 0.718707 | HWX4: 0.720059 | HWY4: 0.721747 | HWZ4: 0.720427 | HXA4: 0.720031 | HXB4: 0.720812 | HXC4: 0.720627 | HXD4: 0.71913 | HXE4: 0.719778 | HXF4: 0.71918 | HXG4: 0.717275 | HXH4: 0.715114 | HXI4: 0.715701 | HXJ4: 0.716878 | HXK4: 0.713352 | HXL4: 0.712579 | HXM4: 0.712941 | HXN4: 0.713242 | HXO4: 0.711216 | HXP4: 0.71147 | HXQ4: 0.710354 | HXR4: 0.708254 | HXS4: 0.70792 | HXT4: 0.708005 | HXU4: 0.707254 | HXV4: 0.709495 | HXW4: 0.70877 | HXX4: 0.710034 | HXY4: 0.71 | HXZ4: 0.709136 | HYA4: 0.708845 | HYB4: 0.71055 | HYC4: 0.711843 | HYD4: 0.711461 | HYE4: 0.709706 | HYF4: 0.709489 | HYG4: 0.709876 | HYH4: 0.709413 | HYI4: 0.709047 | HYJ4: 0.708581 | HYK4: 0.705414 | HYL4: 0.702778 | HYM4: 0.7051 | HYN4: 0.707519 | HYO4: 0.705531 | HYP4: 0.705231 | HYQ4: 0.703781 | HYR4: 0.702101 | HYS4: 0.69897 | HYT4: 0.701262 | HYU4: 0.703162 | HYV4: 0.702272 | HYW4: 0.704516 | HYX4: 0.702343 | HYY4: 0.702671 | HYZ4: 0.7026 | HZA4: 0.701882 | HZB4: 0.704774 | HZC4: 0.702884 | HZD4: 0.705428 | HZE4: 0.707239 | HZF4: 0.708837 | HZG4: 0.708352 | HZH4: 0.707566 | HZI4: 0.709577 | HZJ4: 0.70965 | HZK4: 0.708659 | HZL4: 0.709771 | HZM4: 0.711305 | HZN4: 0.708152 | HZO4: 0.707444 | HZP4: 0.706904 | HZQ4: 0.706831 | HZR4: 0.70703 | HZS4: 0.708893 | HZT4: 0.70955 | HZU4: 0.708 | HZV4: 0.708683 | HZW4: 0.710431 | HZX4: 0.70996 | HZY4: 0.709671 | HZZ4: 0.708701 | IAA4: 0.713278 | IAB4: 0.712493 | IAC4: 0.711903 | IAD4: 0.711691 | IAE4: 0.712151 | IAF4: 0.712581 | IAG4: 0.713708 | IAH4: 0.714157 | IAI4: 0.713343 | IAJ4: 0.712478 | IAK4: 0.712515 | IAL4: 0.712471 | IAM4: 0.711022 | IAN4: 0.707746 | IAO4: 0.709595 | IAP4: 0.708747 | IAQ4: 0.708751 | IAR4: 0.709918 | IAS4: 0.708794 | IAT4: 0.704217 | IAU4: 0.70549 | IAV4: 0.705975 | IAW4: 0.706505 | IAX4: 0.70491 | IAY4: 0.70609 | IAZ4: 0.70612 | IBA4: 0.70724 | IBB4: 0.708142 | IBC4: 0.708986 | IBD4: 0.70818 | IBE4: 0.708681 | IBF4: 0.709315 | IBG4: 0.706844 | IBH4: 0.707184 | IBI4: 0.707695 | IBJ4: 0.707246 | IBK4: 0.706632 | IBL4: 0.706255 | IBM4: 0.706353 | IBN4: 0.705664 | IBO4: 0.705257 | IBP4: 0.703879 | IBQ4: 0.702181
